t,yhat
241,-0.4288473497468669
242,-0.2485206771645993
243,0.9209113011937539
244,-0.3913579160791899
245,0.889212016385577
246,-0.5357115256062112
247,1.0172108561777955
248,0.03479611732788294
249,0.5226360427532053
250,0.49131942593413347
251,0.13948637558707244
252,-0.03639755907975014
253,2.147029865557012
254,0.544165916825087
255,0.07885195648509981
256,-0.6600226009073696
257,0.3410962229078069
258,-0.35256097182917184
259,-0.9960218594224274
260,-0.8030869560591414
261,-1.9608373086830455
262,0.061423314634545374
263,-2.125439995501196
264,0.6495156893212418
265,-0.4378018521928356
266,-0.024118315759585868
267,0.06544281607025366
268,0.036017462323802915
269,-0.18998344572492107
270,1.6968141563466719
271,-0.7024836698186888
272,0.8124844493099255
273,-0.09253993187932981
274,-0.052343399647664025
275,-0.10919640407383131
276,0.3671747895648731
277,0.37089891985320944
278,-0.6155453479137292
279,-2.6233969909291655
280,-0.7690102906882242
281,1.4633837739150943
282,-0.018591427299326956
283,-0.2583024895930222
284,-0.20663975953204997
285,-0.6516841357699442
286,0.1954691633770471
287,0.5178166209605275
288,0.6110587338540918
289,0.5846920901296838
290,0.32789356226815736
291,-0.31534169493574515
292,0.20082736301414117
293,0.8773973269741726
294,1.4907563235950374
295,1.036511058031398
296,-0.0019346084850013461
297,-0.32917094218408766
298,0.41126359517062
299,0.3383564650032087
300,-0.35109089847272057
301,0.2175272269768297
302,0.7689385178367011
303,1.1277774709397903
304,-0.14935334495268018
305,1.2089529807242865
306,0.11492498926184133
307,0.73990371684058
308,-0.25761829470132097
309,-0.00834354424755938
310,0.5479958289507026
311,-1.2159390994772306
312,0.5900580882911335
313,-1.0393711542000286
314,-0.8978653838743891
315,0.40213678626083615
316,0.14751532898556502
317,0.7324205966359337
318,-0.8429245532626958
319,-0.628229210987335
320,-1.0005145300780982
321,0.03260576083482755
322,0.21490733641167006
323,-1.0377054896904971
324,0.19857521581838317
325,1.1231466450470198
326,1.5986986651672388
327,0.3438257897553517
328,0.8147852828482509
329,0.24766387710281618
330,0.3791445968785164
331,0.30239202750318916
332,0.3360859755877744
333,0.5780807751011557
334,0.025854795195782026
335,0.13700120375908476
336,-0.14697705282873913
337,0.5757655118916086
338,-0.7067610948841251
339,-0.4308737828488178
340,0.7803007167466022
341,0.8554733144481714
342,-0.17937875556135777
343,-0.377321811467959
344,-1.322149841197138
345,-0.40641850552088915
346,0.22675056299173663
347,-1.1615360327734952
348,-0.21948890774651547
349,-0.03224647141909684
350,0.24880763131536793
351,-0.740146533541973
352,0.5216587831723875
353,0.8308054018121477
354,-0.4500137900795911
355,-1.5309703938270947
356,0.5864678533063153
357,-0.9459956494847395
358,-1.823680064168127
359,-1.383265650760104
360,0.5401712683410488
361,0.5886682745122683
362,-1.7979463753896447
363,-1.0287101193868977
364,0.18138928872013985
365,-0.5424291449469409
366,-0.3013452224033759
367,-0.9568123556105715
368,0.8779282353408742
369,-1.2146969641577035
370,-0.07397382742762132
371,0.10020271524970588
372,0.31163240873790965
373,-1.2021778077450036
374,-0.2569232092511105
375,-0.5334493964665574
376,-0.9529383305808058
377,0.9471570098229417
378,-0.5156556176983623
379,0.9624790233567637
380,0.5257420759656981
381,1.2919289108795569
382,0.5441712775113796
383,0.995419183100585
384,0.8524631126217109
385,0.7044793297262079
386,-1.3545896385793468
387,0.4856050299794552
388,0.18018176120764418
389,0.5133655837005001
390,-0.1780871335593791
391,0.023205831163588354
392,-1.7165591722528146
393,0.5160994599050981
394,-1.400545055274675
395,0.2830602012656732
396,-0.4852421201153583
397,-0.5905539480517406
398,-0.7464082184844596
399,-0.3546415120876361
400,-0.7878693182914082
401,0.07606875156172566
402,0.29334953877721137
403,-0.6064082463124636
404,0.6992245257880242
405,-0.2961193066566457
406,-0.06548160970785545
407,-0.6001075331844358
408,-0.8320621728033248
409,-1.536416070535155
410,-1.159098484617574
411,0.7780838378615333
412,-0.05356260363657156
413,0.398644191040063
414,-0.19690297863811557
415,-0.2919011189032301
416,0.4734876764652424
417,1.1535906776868439
418,0.5982799755741318
419,-0.3658418828206773
420,-1.2476859597009833
421,2.1147047932393117
422,-0.09356453096197268
423,0.455790343936575
424,-0.5071815717407916
425,-0.17278979594644409
426,0.2840828563607203
427,0.07966729755028536
428,-0.0005779527356341692
429,-0.11265808373740072
430,-0.15496382690779165
431,-1.020798997138565
432,-0.3917610174636293
433,-0.9081623518933261
434,0.5049994924342662
435,0.7920596423354348
436,-0.3479084855591607
437,2.6309128185886546
438,0.6692808325911774
439,-0.824623451955978
440,-0.7459549274734333
441,0.13968554495452248
442,-0.6918531068426614
443,-0.025379626161662696
444,0.9827682206133345
445,-0.08718231883144253
446,0.5814344872936442
447,1.2535842726942816
448,0.2922809456233283
449,0.21322314245355317
450,0.7001263962528714
451,-1.7117320728748984
452,-0.791489409058831
453,-1.4514995079330468
454,-1.6062847016392867
455,-1.081747462883471
456,0.6059991464273891
457,-1.5120045481330953
458,-0.4899651915845164
459,-1.6551447061200633
460,-1.1294594189903735
461,-0.21427926468003466
462,0.4910949727636644
463,0.0830485048810685
464,-0.0991618921957081
465,-0.6910893919676332
466,-0.20409548344906459
467,-0.2633889905155438
468,0.39939996497704544
469,0.5838830962998283
470,0.46294899684698687
471,-0.4911076335299986
472,2.0763416207046492
473,-1.1829284809029308
474,0.37821488643815476
475,-0.19077784713912185
476,-0.7475886295381885
477,0.36522267622336124
478,-0.8319178863920419
479,-0.5966760825779663
480,-0.34230875073237194
481,-0.5094571392591676
482,-0.8189177410222042
483,-0.8563217285812064
484,-0.06516880195244897
485,-0.7804016294589338
486,-1.719787607980028
487,-0.01758856683753237
488,1.596805089718252
489,-1.1793216154653563
490,-1.7394020807855444
491,-0.2621312132270051
492,-1.1536164504262836
493,-0.6238600369867177
494,-0.37379815901030694
495,0.31345371893997
496,-0.5246511676063216
497,0.14030358177929023
498,-1.2304482580631193
499,-0.7044468670845656
500,0.7189857454454932
501,0.7179535445002515
502,0.8264118408875393
503,-0.21288727916327663
504,-0.35260355709115904
505,-0.04217992988688098
506,0.15152858290317767
507,-0.1884635081942252
508,-0.9474318226867844
509,-0.33672463834905353
510,1.131013510115058
511,0.3016396911174901
512,0.4337778690800151
513,-0.5037515480620224
514,1.0062714207750172
515,0.7795422587255526
516,0.5563490269816009
517,-0.23156943414185246
518,0.19854650844309454
519,0.6045520947081634
520,-0.28516396138167815
521,-0.5152447113946756
522,1.2900224856730707
523,-0.20412103180258756
524,0.1549259186114639
525,0.8363587902478632
526,-0.6251585135122594
527,-1.7792663645462685
528,0.20893907615897342
529,0.924144109697824
530,0.6439954957712809
531,0.11921710257384975
532,-1.2471802274150114
533,-0.5519219556114431
534,-0.36174425885147765
535,-0.6918680908034691
536,-0.10543284202904368
537,-0.024285587211648745
538,-0.29829874430427117
539,0.2606775034331477
540,0.14932970004991755
541,0.526175488614712
542,-0.2749843141640956
543,0.29434180474746063
544,0.2253480201700355
545,-1.4914408512939112
546,0.33489987505214713
547,-0.9623239499501532
548,-0.13182263768150498
549,-0.6615746595732364
550,0.6009465207818762
551,0.6375997200186525
552,-0.12892448798705286
553,-0.7317319080516137
554,-0.4691220770467949
555,0.1066829827214984
556,0.07004273365029173
557,-0.9959893664114983
558,0.544180193587158
559,-0.3287471253790734
560,-1.0406332431800038
561,-0.24448934790106694
562,-0.5072961117837467
563,-0.5668204775789364
564,-0.04345069870400093
565,0.9851944894158
566,-0.1804223318977767
567,0.7739213882060562
568,-1.4214704535073732
569,0.636706760710563
570,1.1927565938595819
571,0.7478305238633005
572,0.0942443133861289
573,-1.0130002759303622
574,-0.6266246699485559
575,-0.8689160662467323
576,-1.048842369408482
577,-0.1941391898739512
578,-1.3469977138549203
579,1.2413054628210292
580,-0.3993516000431259
581,0.7564611367603681
582,0.3962850234230949
583,1.4660236170650627
584,0.23258553204280774
585,1.7153747981272292
586,0.1651692003818895
587,-0.9358218396661724
588,0.26397397134712974
589,-0.8078592645871994
590,0.31159071356758933
591,0.9306708056345622
592,-1.0026020740590849
593,-0.14412823987367804
594,0.07550903227243255
595,0.7168086098523002
596,0.2854820879956258
597,1.2566762793744066
598,0.5690350449711605
599,0.6320260415651638
600,-0.5502296986847068
601,-1.806906322575898
602,2.0533890482867125
603,0.07495043969123158
604,-0.5342560154127199
605,0.015035165817154552
606,-2.0661403767196607
607,0.23575225961114746
608,-0.12830976886216947
609,0.27596760158231814
610,-0.8479497933589144
611,-0.10935740415124996
612,-0.7800189018566265
613,0.7198673378570384
614,0.21981451131715954
615,0.38503773726017065
616,-1.1157159576846098
617,-0.46470325107882315
618,0.45376081101814336
619,-0.9422593020715919
620,-0.7569019825871327
621,0.5325513441291863
622,-0.6775876279114899
623,-0.8350048590333575
624,0.16241423107276837
625,-1.004273928751689
626,-0.6291471087562771
627,0.8318951477543928
628,-0.44687474900742447
629,0.9742589732335795
630,-1.5586740116503504
631,-1.0250478326016645
632,-0.6945233336816149
633,-0.8350571753736237
634,-0.05727607113739927
635,-1.5108341146151862
636,-0.7046131597866536
637,0.5131164468585203
638,1.1736162375836652
639,0.34138566813153365
640,-0.41730051747943814
641,-1.0996010004390535
642,1.2484185239138064
643,-0.050485094512146035
644,-0.10072148803237278
645,1.0097987153767205
646,0.13030642385536187
647,-0.7738798281042424
648,-0.6739027402890485
649,-0.037779515672053794
650,-0.3421019374120402
651,-0.35817426796734153
652,-0.4423328359450964
653,1.507693534707482
654,1.7579330088608596
655,0.8563758003253225
656,0.8781292169096132
657,-0.6945703236963546
658,0.7173884089681455
659,-0.6433997310393453
660,-1.3763745821348559
661,-0.38101924935730813
662,0.2574685915538317
663,0.5203845790643249
664,-0.7451291561284075
665,-0.6689110295729499
666,0.5923122129954256
667,0.1239282787169929
668,-2.1265819996755977
669,-1.8004927174040823
670,0.8309015198118848
671,-0.4231545541468598
672,-0.25084409123840196
673,0.09732913879067524
674,-0.2393329519736576
675,1.0056950889182208
676,1.2916507337038012
677,0.10001531486340087
678,0.28130666384490144
679,1.035124591012352
680,0.6014830550537145
681,-0.4310090655370278
682,1.3778725720625815
683,0.21477316308192765
684,-0.3466817705259202
685,2.311503234825992
686,1.0643417884816886
687,-0.04008307724591732
688,1.798346504112289
689,0.1812608935685432
690,-0.578300609906436
691,-0.08613597368784143
692,-1.2614869774181459
693,-0.9628831428425874
694,-0.6099441737000081
695,0.4657818821460906
696,-0.23140046072387183
697,0.15881687369031616
698,0.27782915943720227
699,0.39614382579757285
700,1.7819369765444348
701,-0.1277211568545812
702,-1.223616077326186
703,0.1265484207462629
704,0.2963152509975285
705,-0.11725933508487653
706,2.023643025325041
707,-0.38642683144600115
708,-0.5085725540821763
709,-0.37119257949793844
710,0.6740837931799755
711,-1.391188861813762
712,-0.5210958007526812
713,0.27042113166109477
714,0.6879371250862657
715,1.2264776375928519
716,-0.612942964990382
717,-0.5854210222285541
718,0.3510394250471903
719,-0.3943314399316703
720,0.057441953689093266
721,0.411993687736344
722,-0.03784806112833945
723,-2.135140481701491
724,1.3840321601128551
725,0.6422087056241521
726,1.1172732496914783
727,1.6116837463640958
728,0.4478334102265602
729,0.18096157057337303
730,-0.07354740996313223
731,0.5734073434061675
732,-0.4399230722141184
733,-1.0332247326835806
734,-0.10240361987219128
735,0.6993327634083387
736,0.6527639918457089
737,-0.46900146899670325
738,-0.16585264422806947
739,-0.09521178004355149
740,1.6010956625481174
741,-1.3360909664846052
742,-1.4360351163829477
743,-1.946183670539148
744,1.1564361897734345
745,-1.4583475383960163
746,-0.4688254419455293
747,-0.5062150651649702
748,0.6030905764331951
749,-0.5189654091528905
750,-1.0331565991069636
751,0.14704034156939272
752,0.64026575317574
753,-0.7030800568326726
754,-1.444000089854626
755,-1.690163822306661
756,-0.8388567142967149
757,0.3004589295105186
758,0.6062687690498267
759,0.8913240601599468
760,-0.11683562325194874
761,-0.43109517514692824
762,0.12767286850360438
763,-0.8769934586570275
764,-1.8894940115852568
765,0.30774297937600303
766,-0.08506549917093509
767,1.0991083548754474
768,-0.09924983000282306
769,-0.050882489975957214
770,1.6058812735689008
771,1.5584436409963114
772,-1.0373623977758153
773,-0.010436019736197354
774,-1.1658062346198668
775,0.1956116065882911
776,-0.4003986296488694
777,-1.0483610336839952
778,0.7931396258527058
779,-0.10732352804980544
780,-0.13237033391950057
781,-0.2693690162587106
782,0.41010753201284067
783,1.4759240566914122
784,0.4124721912103044
785,0.008889952862270128
786,1.1807073652567694
787,-1.013089696472214
788,1.101052688658906
789,-0.45349840661941243
790,-0.5235660031845769
791,-0.9128008466083111
792,-1.3273268065869586
793,0.2064781353815122
794,1.0059181499316323
795,-0.12462857338259467
796,1.6137382561745064
797,0.4374068545423475
798,-0.6267768346053235
799,0.04546997802111474
800,0.7309213716660113
801,0.22244350159781717
802,-0.31961413184788573
803,0.14377802259849098
804,0.3360040644451029
805,-0.3727219051951355
806,-0.8502163850751854
807,-0.6866811642205135
808,0.2710543934912768
809,-1.7421216337402736
810,1.5697757149125788
811,-0.9807081389791393
812,-0.9591288700025458
813,0.7436070640932438
814,-0.6634180423483002
815,-0.004504486402575008
816,0.6562816513126185
817,0.0994089166607836
818,0.7479253197460978
819,0.4332402416174594
820,0.2810471124457526
821,-0.4591323897572661
822,0.4533475860132228
823,0.46266611939918423
824,-0.250007383423476
825,-0.2501802561875944
826,-0.028282029967248202
827,-0.5887700617198383
828,0.4160606561991502
829,-0.8431178177335421
830,-1.575149331699156
831,-1.0633650074931353
832,-0.28041604801484843
833,1.0889075068821374
834,0.7317856967190012
835,0.6041164048134169
836,-0.8048016793798625
837,-0.5924123431531138
838,0.23403889971101327
839,0.6040145226760049
840,-1.4879032514896555
841,0.09222298455636563
842,-0.09811902317143557
843,0.08117747781433778
844,0.10957522061028649
845,0.9259572997853956
846,0.6426636344494803
847,-0.3799348699047318
848,-1.8376226487293887
849,1.1643589194210076
850,-1.4052545368749263
851,-0.4392235812852551
852,0.4086689934116211
853,0.8276395065295055
854,-1.5078307040257892
855,-0.4686550245604363
856,0.19119689104628323
857,0.024890666548904265
858,-0.7994912290760828
859,-1.3492196246455213
860,0.893464714233768
861,-0.20506175384299255
862,0.12269761292387431
863,0.2695871338908664
864,0.026934138358720917
865,1.1205971943690358
866,1.3362249420167087
867,-1.521385966639391
868,0.10387168065830646
869,1.1959719770191988
870,-0.6630234856427325
871,0.9029248535199895
872,-0.8786063587680569
873,-0.9385430323579805
874,0.9690877685921945
875,0.12427294868990282
876,0.3252208649958201
877,-1.0171825713456661
878,-0.4773341023442074
879,0.1935933512065817
880,-0.2261145965038536
881,-1.6033012979670584
882,0.14582237979633383
883,-1.2314905203038058
884,0.8210698155964186
885,0.11162594783275448
886,0.08499241779872535
887,-0.8188955333279876
888,-0.41798743856100384
889,-0.7862620936478225
890,1.0517969569073502
891,-0.9402670784550093
892,0.4281648510622419
893,-1.7800981215662257
894,-0.8689917068516012
895,-1.723314044655221
896,0.24561071928163497
897,-0.1290690183973864
898,-0.38889325286410514
899,0.47046911644306927
900,0.19765954942690578
901,-1.130665057160381
902,0.44806305947390884
903,0.16586511500727344
904,1.249088055695517
905,0.07609841936252155
906,-0.9120566350710243
907,0.7568990725200619
908,0.06880293404439136
909,-0.2721868775456384
910,0.048127348567522814
911,2.1132796653785584
912,0.14046122933158342
913,0.1416686769226759
914,0.5233365947030845
915,-0.26210631680085067
916,0.7206646666904628
917,0.3592653356564031
918,-0.9059988292516761
919,-0.2513918953188323
920,0.4239746999509356
921,-0.25462159819162283
922,0.6060159938959958
923,0.7824315497128603
924,0.6440926554765035
925,-0.03915686465421701
926,-0.2545946773051987
927,0.9171183823881954
928,0.33151897254117474
929,0.06163420520941165
930,-0.5740741383038138
931,0.001741833938161665
932,0.20497818918880048
933,-1.227317826509884
934,0.9417692395573695
935,-1.586291722270105
936,-0.33119039066135575
937,-0.11448387680817944
938,0.524789095211743
939,0.21173325268140555
940,1.0763963778560663
941,0.709164480216031
942,-0.5508722265362671
943,0.12021018245532263
944,0.8658349347562992
945,-0.6995840855113681
946,-0.5698874074669968
947,0.6329732846285674
948,0.7775709695494167
949,-0.7622971526698312
950,0.49930424733625284
951,1.0327635201580543
952,0.6114731361549094
953,-0.49662803999428956
954,0.4453217430058956
955,0.7038842873049316
956,-0.7188947482955294
957,0.3969532325618055
958,-1.7302169950624269
959,-0.9023389455895354
960,1.4554438790383974
961,-1.204229362741443
962,0.5563526916318483
963,-0.3585269005023687
964,0.021211601339127122
965,-1.7695392847161595
966,0.32818615337187035
967,1.3968548015123188
968,-1.4122096644936801
969,-1.7677649244692895
970,-0.8087044531840563
971,0.5261573568278232
972,-0.7440753503621086
973,0.3606029971940882
974,0.2209419943104856
975,0.41279438642527205
976,-1.2688166774281278
977,0.8222195995102877
978,-0.4807895936881879
979,-0.3140048326840564
980,-0.38297747119420783
981,1.7989127799582625
982,-0.6446475361091293
983,-0.4195405899031646
984,-0.6670680583214
985,-0.11292826324091904
986,-0.8861282573097184
987,1.0334643090836895
988,-0.7059249164539643
989,0.2186890151105189
990,-0.19510800764101702
991,1.235311349470831
992,0.32168644077853426
993,0.04624496334792188
994,0.07528525712592017
995,-0.5679015241090425
996,-1.130806451992441
997,0.08128715103458643
998,-1.2297856542467713
999,-0.8473991039185249
1000,0.1847116307270771
1001,0.043322144547603185
1002,-0.3481099078840756
1003,-1.5433618074546995
1004,1.0868524056771205
1005,0.4211733573567265
1006,-0.08527570581664592
1007,-0.100826385899662
1008,-0.7412144413206206
1009,0.2784199776323131
1010,-0.9711054072175128
1011,0.4997560583705916
1012,-0.03984511452876258
1013,-0.9129669224790627
1014,1.0916416789978451
1015,0.09707482179795812
1016,-1.464488605141383
1017,-0.07106927594134
1018,-1.1574720835590855
1019,-0.4358425055727178
1020,0.6254310355860098
1021,-0.2515376294093044
1022,-0.636237428655848
1023,0.9522995871547888
1024,0.6683842276609034
1025,-0.5838744609557605
1026,-0.7178489812317909
1027,0.7420675179780403
1028,0.9122764369573476
1029,-0.9139930610567912
1030,-1.2762047772292853
1031,0.8098596979743811
1032,0.08158838270183806
1033,1.1207902807680559
1034,0.20623142686969195
1035,-0.46913844092655593
1036,-0.11705679933219365
1037,-0.6804134084790744
1038,-0.6523066369701155
1039,-0.8443370668022312
1040,-0.28573154352310043
1041,0.5268764287084278
1042,-0.3110323616850242
1043,-0.37947678185047096
1044,-0.09990208603154128
1045,-0.9030386133267935
1046,0.6396180579647494
1047,-0.09698868939029037
1048,-0.29839692202721907
1049,-0.8991559157205332
1050,1.135594536379677
1051,0.8459918697936187
1052,2.28662858164237
1053,-0.3928987288583749
1054,0.6248303939002434
1055,-0.05934567388005237
1056,1.143017591817441
1057,0.49119351521391164
1058,-1.1318492941422766
1059,-1.1621497254061333
1060,0.26395639464784343
1061,-0.7943268229034401
1062,-0.17338041094824871
1063,-2.573378230999402
1064,-0.42896235906910357
1065,1.9437346930596289
1066,-0.9126058520876603
1067,1.2777178053830347
1068,0.06680958245224762
1069,0.3985406072973432
1070,1.2854248821595138
1071,0.5127315956745646
1072,0.08583378241884111
1073,0.32560602618305756
1074,0.2685820510722226
1075,1.466611893212816
1076,0.7401403231960675
1077,-0.34930557022532743
1078,1.3601027932060212
1079,0.22660326715487467
1080,-0.4410324232860204
1081,0.049820811348601696
1082,0.4014313044993905
1083,-1.6386615373400706
1084,-0.3120315638540149
1085,0.32054000298320956
1086,-0.003365538782008192
1087,0.3498469125390134
1088,0.9235767563558829
1089,2.057129131067028
1090,0.6885383811099459
1091,-0.48825705680456616
1092,-0.9007318881236966
1093,0.5440184915185396
1094,0.005876256717242449
1095,-0.13970641857965949
1096,-1.4351450834750759
1097,0.3534681313572406
1098,-0.4028004745999829
1099,1.4644020198054786
1100,0.6132969141256585
1101,0.14186610930814333
1102,-0.36487631538480925
1103,-0.14215025823166808
1104,0.6317219208334032
1105,0.25308081391465714
1106,-1.7627656479803309
1107,-0.08237456360291931
1108,-0.39588391480295126
1109,1.412521949221799
1110,-0.5576825854942036
1111,0.1327558483069103
1112,1.2690744635035387
1113,-0.31000254520633647
1114,-0.19824584490620648
1115,1.372598972381741
1116,-1.6310546777683805
1117,0.08570537384642349
1118,0.7288249142068324
1119,-0.43940405351418566
1120,-0.049366138939935376
1121,-1.308481011292827
1122,-0.9517013569721459
1123,-1.886031972297612
1124,-0.21781624123286653
1125,-0.9322234111104907
1126,0.5002066431369394
1127,0.27248900114568736
1128,1.209821269267974
1129,-0.8626044977173262
1130,-0.7520913486037654
1131,0.015406152360466349
1132,0.6597961981634484
1133,1.0892616997867317
1134,-0.03048565429252965
1135,-0.10106064328837548
1136,-1.269365946017421
1137,0.37986365792690285
1138,0.5989656348531586
1139,-0.877218693204312
1140,-1.2165194931580112
1141,-0.09493797659497426
1142,1.347757959836681
1143,0.3536218918335835
1144,2.4540380152166015
1145,-0.3179362579331574
1146,1.1473303377229782
1147,-0.7346176680130897
1148,1.1668798298842444
1149,0.5983718757792962
1150,-0.29282629376060776
1151,-0.44858649158148733
1152,-0.8948569332776664
1153,-0.8651056527135081
1154,0.6062341447293486
1155,0.5707274810212819
1156,-0.8975788450996668
1157,0.7944204277761177
1158,-0.12257252246493117
1159,-0.556064831527961
1160,0.2279841942780441
1161,0.14793180799694378
1162,-0.050512791391322844
1163,0.2172635163929631
1164,0.39323222791928053
1165,-0.1903966283628371
1166,-0.634956145263791
1167,-0.31829107443992083
1168,0.2070244314332829
1169,-0.7509394152839585
1170,0.41447615187685544
1171,0.47960449761673263
1172,1.958782666388291
1173,-2.4188554610656605
1174,-0.7852739067994521
1175,-0.49577177462649513
1176,0.10639218826824144
1177,0.5198789550025802
1178,-0.6647145597820547
1179,-0.20626085208277795
1180,-1.7487645053326215
1181,-0.29367677726030084
1182,0.041717164163101055
1183,0.5910355687565791
1184,-1.7884322557658454
1185,-0.6608380736256985
1186,-0.14165996411511536
1187,-1.6111467241319495
1188,-0.6560170026971031
1189,1.0294079400709522
1190,1.9536050695924736
1191,-1.5745140061626655
1192,-0.6310400729926968
1193,-0.014481774493986167
1194,-0.08308707793244492
1195,0.6323621313976611
1196,-0.06527679111567669
1197,0.703502980984043
1198,0.08939795298038226
1199,-1.1808387772802669
1200,-0.6852075796479309
1201,0.2080114162965647
1202,0.8621766512198805
1203,-0.9919168962396093
1204,-0.8785112268663033
1205,-0.5081129664953596
1206,-1.6963772577067882
1207,-1.363332290661311
1208,-1.1199048528740334
1209,-0.18199507051469924
1210,-0.16213640023890766
1211,-0.4567415159895219
1212,-0.944304117942966
1213,0.5104983988715985
1214,0.49548200193691977
1215,0.9312965157534842
1216,-0.15642815644917857
1217,0.10703521538453428
1218,-0.4592436274427793
1219,0.03256912389259266
1220,-0.465443485776791
1221,-0.2706261579459736
1222,1.006804842472106
1223,-0.034873905511425114
1224,-0.13080565057092913
1225,1.2751933225536114
1226,-0.5673469815698688
1227,1.017630758439913
1228,0.6422503267618218
1229,1.2314364319204438
1230,0.5770590115859107
1231,-0.15164713149704914
1232,-0.269501484591522
1233,0.17809808890110057
1234,0.13136969258412598
1235,-0.012506664080715789
1236,-0.08543764443091147
1237,-0.28599330119046545
1238,1.2513091100660747
1239,0.33539800582269397
1240,-0.031036136725483433
1241,-1.108098039569797
1242,-1.3598291346827562
1243,-0.29037181289114866
1244,-0.6037670394050128
1245,0.19675595034238738
1246,-0.5950641318060818
1247,0.7019952150718011
1248,-0.2526379700371586
1249,0.6438955891594833
1250,0.7985916685341659
1251,0.29242915946355363
1252,-1.0685052158310147
1253,1.971767198225045
1254,-1.2338096385517567
1255,-0.5787713530793188
1256,1.4948772835174255
1257,0.8978338931948374
1258,-0.4549593911276826
1259,-0.8617797177438036
1260,0.3325070110391436
1261,-0.8527427132491359
1262,0.34698228099353784
1263,0.2496626770970436
1264,-1.5969439504305771
1265,0.8230713034655531
1266,-0.5664680586785479
1267,-0.9755141992892522
1268,-0.7530719467057738
1269,0.017537205344791664
1270,-0.25626100572541255
1271,0.513496205587753
1272,0.843305887369767
1273,1.0562647843604378
1274,-0.16144960901238395
1275,0.7682625829632402
1276,-0.08806188689134163
1277,1.2322102617987527
1278,0.4767585706632102
1279,0.06958847214118395
1280,0.11573835214279642
1281,0.8336039270363268
1282,1.0268619397110812
1283,-0.4090714436538512
1284,0.11330920821924416
1285,-1.2209551718643972
1286,-0.5134621730173765
1287,-0.3707638251774122
1288,-1.112245816172887
1289,-0.017142542536384506
1290,0.1445344668752029
1291,-0.8527392029117392
1292,-0.3311790013013608
1293,-0.1186933296230209
1294,1.2246717772103182
1295,-1.6712349009180922
1296,-0.721212126137274
1297,-1.0836592134567038
1298,-0.45083727509738575
1299,-0.1361473811029359
1300,-0.3732256337967438
1301,0.992341744901389
1302,1.222651190786874
1303,1.0829336204597948
1304,0.02150332682101368
1305,-1.3266858907454357
1306,-1.7816763561329605
1307,-1.5758419974299194
1308,0.27305304013864207
1309,-0.13312369421497686
1310,-0.45144922158454637
1311,-0.10397859174473402
1312,0.008809675964168135
1313,0.2632445048779939
1314,0.2542645677881465
1315,-0.16794235509310676
1316,-1.6818021977925484
1317,-0.664569019230755
1318,0.10609000223051286
1319,-0.3332203982852845
1320,-0.3661489727268812
1321,-1.282527298454149
1322,-1.1305348727985887
1323,0.4147603646910632
1324,0.0753086235677234
1325,-0.11204024553354398
1326,-0.15848778833932914
1327,-0.02463920550511321
1328,1.1620948419345305
1329,-1.5521515213390262
1330,1.0193671635321186
1331,-1.140709473779519
1332,0.08647929641233057
1333,-0.2586715857058561
1334,-0.7008574043092812
1335,-0.12267848073257262
1336,-0.6590192949327088
1337,-0.38279883751267346
1338,-0.3241752399909229
1339,-0.1940503971762765
1340,0.41936065065498906
1341,0.5309958960306251
1342,0.22172508798234955
1343,-0.9550241841868712
1344,0.9876034916828643
1345,0.06589517852242859
1346,-0.2705846458221009
1347,0.0970510404563767
1348,0.5651060949485865
1349,1.315412299971259
1350,-0.8456577538263111
1351,-1.2298195812607247
1352,0.5866928766250636
1353,-0.8990600924681141
1354,0.8348767342864869
1355,0.42116352206333113
1356,0.0016827905196513363
1357,-0.04308113569354826
1358,-1.9437897324786286
1359,-0.06471503005218818
1360,0.3027259153241724
1361,0.13420672594632077
1362,-0.4699205349160866
1363,-1.2438183644912686
1364,-0.7164475395048472
1365,0.07165673853337486
1366,-1.0192075261523796
1367,0.43740796345857347
1368,1.0242982132910128
1369,0.24444272250019106
1370,0.7441803058298441
1371,0.08950161270169339
1372,-0.07696867549438885
1373,-0.8321371435348385
1374,-0.3894402131140546
1375,0.6927945129762212
1376,0.5129409665440782
1377,0.7977278137114615
1378,-0.7225803891417568
1379,0.8635321893843941
1380,-0.3827945382885402
1381,0.1168787182122085
1382,0.6301524408434389
1383,-1.6001094614953195
1384,0.35253821444175365
1385,-0.6285236715892139
1386,1.2681288370939432
1387,0.1391047026223576
1388,0.6435978019178955
1389,-0.1518135039109459
1390,0.011542467842386061
1391,0.5552256298158712
1392,-0.9118435290943259
1393,-0.9284027953074921
1394,0.8871381506521406
1395,-0.1642983761725076
1396,-0.5751853289694651
1397,-0.7922361975272558
1398,1.8677223357312442
1399,-1.5736159192912786
1400,0.4683975501727819
1401,-0.8456689376057743
1402,-0.0014555263105494858
1403,-0.8451765398027294
1404,-0.08191444373479512
1405,-1.0657174902879922
1406,-1.1855483254568748
1407,-0.3884118806191225
1408,0.0877862272983854
1409,-0.5130114664204775
1410,0.3992428138864156
1411,-0.3878948121962745
1412,0.3926898830773455
1413,0.1898074306577815
1414,-0.8686806413820016
1415,0.12582239265689205
1416,-1.5436859000817564
1417,-0.1083105843250771
1418,1.6822951831768522
1419,0.455814449527746
1420,-1.039733565470081
1421,-0.8183317377240475
1422,0.3219309555393741
1423,-0.47744198681517463
1424,-0.3208439645590838
1425,1.063542991306762
1426,-0.29177988793055964
1427,-1.2869532580923693
1428,0.42644893813430873
1429,-0.6588173528260817
1430,1.580523503744366
1431,-0.5919042015448244
1432,-1.420394424294647
1433,-0.8411925302873253
1434,-0.726330846928316
1435,-0.1820337467726377
1436,0.16155415044101742
1437,0.7015312630394698
1438,-0.28367028404734407
1439,0.0523282427279604
1440,-0.7700085034435631
1441,0.06097787243069041
1442,-0.8773817774275138
1443,1.31891761473547
1444,-0.10227010504521088
1445,0.8204100298012652
1446,-0.24874418742768267
1447,-0.17436139008725854
1448,-1.0550831322505865
1449,-0.0836202901594655
1450,0.9340723786234848
1451,-0.5751084823411462
1452,0.7700671254596311
1453,0.20441202354362872
1454,0.18306872827864354
1455,0.12217621275103144
1456,1.2135709710459133
1457,-1.7121896053418773
1458,-0.12200020506450586
1459,-0.48483652483623674
1460,-0.8418883671170355
1461,-0.8009197828020332
1462,-1.0730702355150012
1463,0.7464990787773743
1464,-0.2128260975135538
1465,0.8799684715486045
1466,0.26404720492061046
1467,-0.41782664891521415
1468,0.6455830607331968
1469,-0.17561209196606647
1470,0.8098153058302928
1471,-0.41654430221158373
1472,0.6581314385278024
1473,0.8372634706514521
1474,-1.2214358941834669
1475,0.07806222358682872
1476,0.4362545377087696
1477,0.7104103056488207
1478,-0.7656212557252199
1479,0.8924741997929532
1480,0.8049873777168116
1481,-0.4751149474428654
1482,-1.5547043136287921
1483,0.16259309726697377
1484,-0.4407698800853922
1485,-1.6042247939249925
1486,-0.3296932594899056
1487,1.2217679440365514
1488,-0.9056192346673692
1489,-0.3756398534235861
1490,-0.8118183244239846
1491,0.5966499459863358
1492,0.08939605366667162
1493,-0.8538672017650307
1494,1.1034067669135337
1495,0.122626805617785
1496,-0.21168973186105303
1497,-1.649132116134803
1498,0.02987687191246333
1499,-0.34340326670314186
1500,0.9720039752388355
1501,-1.383866572006712
1502,-0.024768337930667322
1503,1.1001260001188085
1504,-0.8040490801751966
1505,-1.076879609199246
1506,0.7768614857289521
1507,-1.7314059724348014
1508,-0.47146828301248345
1509,-0.6493824026006142
1510,0.6360653756156925
1511,0.06132561372691198
1512,1.5900662051385863
1513,-0.666283966445351
1514,-0.09554087353179622
1515,-0.6138631388332589
1516,0.21557318201340966
1517,0.8813175840196842
1518,0.5069507918387548
1519,1.6575791409079712
1520,-0.20114287086363977
1521,0.4581058038976186
1522,1.3023154508592398
1523,1.2241864995615481
1524,-0.5483705739541791
1525,-0.7247404603511469
1526,1.2225682520030017
1527,-0.1735885872595542
1528,0.1082801865264724
1529,1.2090274689363882
1530,-0.6991508167201069
1531,-0.25659955729334716
1532,0.332024468570275
1533,0.984855912676218
1534,-0.7625725571311219
1535,-0.7142456985397803
1536,-0.5290855192164219
1537,-1.009270808233046
1538,-0.039588640724708066
1539,-1.239049691285738
1540,-0.956173183287178
1541,0.5032167120589239
1542,-0.9753730832791377
1543,0.26757685601073883
1544,-0.5459220842931317
1545,0.5826980406736233
1546,-2.632162376578303
1547,0.6369690423261103
1548,-0.2928667470353894
1549,-0.1312870221148976
1550,-0.2869900620237677
1551,0.3743066718651443
1552,-0.3106726567265162
1553,-0.38739609563744903
1554,-1.0330563138326094
1555,-0.27162648978175585
1556,0.047636448256197846
1557,0.35589344248302096
1558,1.026956351144394
1559,0.09392726641326435
1560,-0.6905523151000496
1561,-1.6949881234806972
1562,0.20438511318588062
1563,0.04831900749434697
1564,1.323025424562217
1565,0.6467666908644617
1566,0.04322928022497671
1567,0.590343526157957
1568,-1.012939202489843
1569,0.3530061881938827
1570,1.0984876718359302
1571,0.004079567932980273
1572,0.6869084997038482
1573,0.0674135985864511
1574,0.4073838161051833
1575,0.7921546856735189
1576,1.3949016033409205
1577,-0.4047017918717489
1578,0.2217866948535989
1579,0.30471812756700445
1580,-0.18803442912423976
1581,-0.47951522909850697
1582,1.1768609126803267
1583,0.35944891953901853
1584,-0.27745115179808677
1585,1.526601431979973
1586,0.04235972877862236
1587,0.03886698240305588
1588,0.054916181394232995
1589,-0.6883899057490329
1590,0.9940847735411519
1591,-0.20767031925623264
1592,0.09404950207771243
1593,-0.17891692734304518
1594,-1.4064506453153423
1595,0.30811566457256007
1596,-0.9355436364833137
1597,-0.15354998112147317
1598,0.5388568961007093
1599,0.21610849703831933
1600,-0.4843597940599662
1601,0.34814731148858646
1602,0.12578358753156835
1603,1.0384192865839577
1604,0.18552222679672692
1605,-1.0340898813283654
1606,0.15972725971161328
1607,-0.9892773331734361
1608,0.7471738066405615
1609,0.6167659468205702
1610,1.8859131642211238
1611,-1.9707506962253267
1612,2.3911049294780753
1613,0.7389941344096316
1614,0.8443398208118872
1615,-0.8555892352344096
1616,-0.6672725640967162
1617,0.016192782474922354
1618,1.0004316767912684
1619,-0.6813469485321371
1620,0.10267510645659879
1621,-0.7823279719913946
1622,0.20521322069822248
1623,1.1196593901099643
1624,0.3167586623465651
1625,-0.6334077382229358
1626,-0.6976758972755076
1627,0.15228650561034826
1628,-0.7727978249676135
1629,-0.8140587835517001
1630,2.173501730260969
1631,-0.4659233203103972
1632,-0.9943074018160939
1633,0.3145118165014388
1634,0.7400214664272702
1635,-0.9347288421015766
1636,-0.35393511442009323
1637,0.7417711089354714
1638,0.8449726793365098
1639,0.05976673395100418
1640,0.18842211385496196
1641,1.5199860000424403
1642,0.2802838678471488
1643,0.35838772806231856
1644,0.7773482782840452
1645,-0.6594170876286356
1646,0.5209461079439747
1647,0.6079201271518052
1648,-0.219123873075301
1649,-1.347826595735957
1650,0.40903850328221186
1651,-0.7823638912395101
1652,-1.3175531481679106
1653,-2.117433474441545
1654,1.6621495699869646
1655,-0.1351020857052583
1656,-0.2882773179907427
1657,-1.2906761517048897
1658,-0.689149734418349
1659,-0.032025461807242854
1660,1.0597119374373618
1661,0.1917887065446472
1662,-1.090166287750989
1663,0.7306563030539013
1664,-0.1375377360608023
1665,0.17272392736327938
1666,-0.8100294292550398
1667,0.6839978720969091
1668,0.4253723046205086
1669,-1.5267438258089374
1670,-0.16855239002132186
1671,0.2857845141763338
1672,-0.5112001096647074
1673,0.41254619634406364
1674,-1.1093762900801851
1675,0.09227175273617817
1676,-1.4723475944817366
1677,0.8258780168354143
1678,0.9190663093650773
1679,0.04474753294165958
1680,1.412074552803581
1681,-1.0730454948557682
1682,0.3946230434009583
1683,-0.4124538312571224
1684,-1.0648116353665815
1685,-0.13463534134008434
1686,0.6063231084877913
1687,0.14607895181483013
1688,-0.23946602423819005
1689,-0.6627030903412778
1690,-0.29452941632249663
1691,0.21185600300646978
1692,-0.22164428291312277
1693,1.289480435855528
1694,0.24506711191555097
1695,0.5084181335428237
1696,-0.5650637466665626
1697,-0.4385211776842953
1698,0.16362694901702265
1699,1.1745172139755578
1700,-1.0083713561244048
1701,-1.8695042038044523
1702,0.005362728143046134
1703,1.0023735904720457
1704,-0.06895239638280717
1705,0.25653895495560114
1706,-1.103820744734671
1707,1.9042003182000617
1708,0.010548991542926637
1709,1.2001085311099262
1710,-0.41972644050524954
1711,-1.2237152787343972
1712,0.25639001342544165
1713,0.6347778517311836
1714,-0.23700803002040707
1715,-2.2547563301970777
1716,0.41446532420689985
1717,-1.630581074450998
1718,0.04569643669295414
1719,-0.42821995636848914
1720,2.3088395699884234
1721,-0.5779954739114107
1722,0.8515916089141954
1723,-1.1851888307669451
1724,-1.080561434048916
1725,0.2578067371367032
1726,1.4122288384349702
1727,-1.8091231099170495
1728,-0.3355774272128601
1729,0.04876341585677669
1730,-0.1546351849665582
1731,-0.13321911168974274
1732,-0.8212180235001838
1733,0.028681284539414275
1734,-0.7494370289361901
1735,-0.568628384836518
1736,-1.4768477479541833
1737,-1.1331947410498537
1738,1.7305535707776247
1739,-0.13408611403887488
1740,0.5350963171426223
1741,-0.3927374677102477
1742,0.96720690915869
1743,-0.5130432138486227
1744,-0.4884886079802479
1745,-1.4640909943650255
1746,0.5877571978542253
1747,0.9803570144018624
1748,-0.8816141565886176
1749,0.38609730179686536
1750,0.3713644235425276
1751,-0.06976247129140399
1752,1.1412480187174003
1753,0.6774373413628754
1754,1.0496668007927086
1755,-0.11625951945807139
1756,1.3363604134473601
1757,0.5903488427863594
1758,-1.0225614454352372
1759,-1.5950503941937075
1760,-0.6702903438342231
1761,0.17103866257310638
1762,1.1489573263744242
1763,0.3100138301211088
1764,-0.22298893384865467
1765,0.29789355210907126
1766,-1.7272316213330536
1767,0.034530603869562804
1768,0.30338766901858116
1769,0.15312808214594414
1770,-0.7219434115315295
1771,-0.2878432361860113
1772,0.02626556138781414
1773,-0.5929934479470699
1774,-0.7598594913596014
1775,0.6178018948139544
1776,-0.4037714479668231
1777,-0.5743399143669419
1778,-0.4398494251116646
1779,0.013784889068028085
1780,-0.3095874084549486
1781,-0.9433692176244727
1782,0.5646328173603302
1783,-0.6714083113272498
1784,-0.045171930061710434
1785,-0.44915696021618345
1786,0.414197307089455
1787,0.29723681280084596
1788,-1.4916543603187074
1789,0.40523907688127847
1790,0.7123744153794738
1791,-0.34056051973673696
1792,-1.0711259149170995
1793,0.3935133858506471
1794,-1.1210827321096597
1795,0.6819614049288619
1796,0.055891095942118066
1797,0.6274268948184025
1798,-1.5585457430710514
1799,0.014302163530563544
1800,-0.004408046406102692
1801,-0.5541417253025851
1802,1.1093160064255652
1803,-1.2439430181393873
1804,-0.8416523101960133
1805,-0.09961909443552489
1806,-0.33531938050736043
1807,0.31740431223759386
1808,-0.48442806598296706
1809,0.0457860755060718
1810,0.8684180235308232
1811,0.32083855172715636
1812,-2.3155382595918734
1813,-0.12401428152660286
1814,0.7273083570392191
1815,-0.5306111971296484
1816,-0.16468866307359245
1817,0.13458119744855598
1818,0.47121841943903586
1819,-0.27226621247717026
1820,-0.018983860866482394
1821,-0.9895930287205685
1822,0.9101954749960086
1823,0.41568833150664003
1824,-1.271993793407076
1825,0.15757610693069118
1826,-0.7924905592240484
1827,0.7148278212469078
1828,0.5437086119026142
1829,-1.2338716270114405
1830,-0.4022822322556064
1831,0.051192911492831276
1832,-0.0261611214759454
1833,-0.11979365402280542
1834,-0.3986383408188734
1835,-0.8689928975727085
1836,-1.2332148572453003
1837,0.4700576824524545
1838,-1.100493649185784
1839,-2.832303570761048
1840,-1.7472882603527853
1841,-0.0717883578234953
1842,0.3586460305355891
1843,-1.2172701811547342
1844,0.6528878171035892
1845,-0.30230626997123694
1846,0.06067691702651367
1847,-0.8956327787737263
1848,-0.508503075083003
1849,-0.14754443368605102
1850,-0.6050212577818577
1851,0.03597386413158583
1852,-0.0020065310639045017
1853,-0.44567345880099746
1854,-0.8624079189284354
1855,0.2631612849963146
1856,-0.32280127625767124
1857,-0.15679589523176982
1858,-0.27377086360873853
1859,0.29856181941959375
1860,0.4516960196440178
1861,0.3470946168734665
1862,-0.29737390120238366
1863,0.5911865719556848
1864,-0.09194951910030567
1865,-0.7170302354657822
1866,-1.1636832916377429
1867,-0.011300570904823193
1868,-0.02130336467316467
1869,0.4343119961664286
1870,1.2123387333855729
1871,0.8730965260843403
1872,-1.462244312067509
1873,0.4384427228124796
1874,0.8840993769128068
1875,0.5555735217077469
1876,0.28816015512526066
1877,-0.6147787416754201
1878,0.8187290629473305
1879,1.2511746950105256
1880,-0.18515202787035567
1881,-0.019756456109923298
1882,-1.1442789005725063
1883,0.4417167026971389
1884,-0.3013530456764093
1885,0.40355660685845585
1886,0.9179987859493838
1887,-0.9228111558339813
1888,-2.11615178367676
1889,-0.2779429864687973
1890,0.5248047158532287
1891,0.94202834153478
1892,0.04398529654637796
1893,1.8975849657706287
1894,-0.5187034827571878
1895,0.6272296888803286
1896,1.2018804322996735
1897,0.30378006114963935
1898,-0.7071283129507059
1899,-0.20491858630849402
1900,-1.203283906201587
1901,-0.22709828946213614
1902,-0.9600947312752083
1903,-0.6398198914595974
1904,-0.24653197165411633
1905,0.26276102777668175
1906,1.4128404116554003
1907,1.6308437241424842
1908,-0.7867198840083086
1909,0.18535830706925502
1910,0.24923478291757603
1911,0.08978706190694122
1912,0.05320341764069998
1913,-0.6956881192866124
1914,-0.2981139334809678
1915,-1.1428985220509713
1916,-0.15359118219826862
1917,-0.16294780951050078
1918,-1.028638576566508
1919,0.8443705286972106
1920,0.8954406217493031
1921,-0.2519530269311432
1922,0.23586383358499596
1923,0.16027720755707572
1924,-0.6867627897758302
1925,-0.336767738039134
1926,0.629595978233055
1927,-0.8112854040077011
1928,0.36254556330644266
1929,1.3157650278698885
1930,-1.3917433194630722
1931,-0.8460706058847101
1932,0.2420931415586287
1933,-0.23131888607051454
1934,0.07480396686405619
1935,-1.6029891440861224
1936,0.176827021033142
1937,-0.2616454186691342
1938,-1.1105860414745452
1939,1.2643441176745698
1940,1.2375114582705653
1941,0.25779430123137015
1942,0.21930397829419818
1943,0.16359991821370778
1944,-0.17769644673281482
1945,0.5065577554660734
1946,-0.316550157494877
1947,-1.498126953013544
1948,0.2406885822475317
1949,-0.662727396049667
1950,-0.2729957575134172
1951,-1.7638868508619905
1952,-0.5771200970347078
1953,-0.44007999672679243
1954,0.9208766690540486
1955,0.3661773042740652
1956,0.12827883169226248
1957,1.0524113900174958
1958,-0.07783007609902307
1959,-0.2861654188349955
1960,-0.8148709822966199
1961,-1.3844215576203664
1962,-0.5077755378880028
1963,-0.368816638875132
1964,-0.5715711413237438
1965,-0.6681474377263773
1966,-0.8917219972306676
1967,-0.15887461854703663
1968,-1.1149224529398851
1969,-0.4905817236311752
1970,0.3445066285021462
1971,-0.16186984770037777
1972,-0.22826289496228402
1973,-0.9078208233491757
1974,0.19825044707020847
1975,-0.7656210013163373
1976,-0.566828041309272
1977,-0.04769774696942299
1978,1.7954015216046526
1979,0.14934505710479185
1980,-1.7032658454989884
1981,0.6157392589959944
1982,0.7508645656982343
1983,-0.8622215447087869
1984,0.7597298819491203
1985,1.245750352350048
1986,0.4327529391398371
1987,0.7589262066322195
1988,0.8792431094818396
1989,0.20253494079776793
1990,1.0656523659064592
1991,-0.526198246066005
1992,-0.06454580866128906
1993,-1.100904857396333
1994,0.9437443264925542
1995,0.060296069172708466
1996,-1.2714736773758666
1997,-0.5653306609594623
1998,-0.6939220050256453
1999,-0.7904769960088931
2000,0.6358318506945464
2001,1.4071138842346165
2002,-0.030271575150240503
2003,0.35244920431685456
2004,-1.9447592094742225
2005,-0.4595596128901092
2006,-0.39503975933715696
2007,-0.08116727151736093
2008,1.8715742834681723
2009,-0.2531094043169804
2010,0.37158479162288155
2011,-1.5399504729762268
2012,-1.4817318108976496
2013,-2.0138024629097666
2014,-2.108665987863225
2015,-0.9731204713180134
2016,-0.9903711801568782
2017,-0.8246021543105737
2018,0.12704458980273145
2019,0.7049720288360543
2020,0.8111434232461919
2021,0.508457846444426
2022,-0.2845647750967712
2023,-0.43912122122372543
2024,2.1786110596095907
2025,-0.18791503845504973
2026,-1.2423179476168729
2027,-1.0613796377925797
2028,-0.051781553363687616
2029,-1.1068089716830147
2030,-0.94902956075031
2031,0.8452999990555526
2032,-0.5815373303700768
2033,-0.5614106761643387
2034,-1.2294195172048588
2035,-0.716366562162281
2036,-0.4490453490936919
2037,1.0929161313950444
2038,-0.5900036409220302
2039,-0.027205887024452258
2040,0.8747579462905934
2041,-1.671290034261248
2042,-0.21998835086852242
2043,0.7476048578684109
2044,0.2648285150525215
2045,-1.493521142071721
2046,0.2539043343302025
2047,0.11658550877131507
2048,-0.2696649702091873
2049,-0.9218273280757443
2050,-0.23021546905666992
2051,0.14950689483532656
2052,0.13139560724482774
2053,-1.1765594510624646
2054,0.7761658941870028
2055,0.49395915429377596
2056,0.793058886542914
2057,0.8579493934535862
2058,0.9388032983615558
2059,-0.004660269700394945
2060,1.590675257498822
2061,0.1660595412017461
2062,0.24984755481696164
2063,-0.6524718313478552
2064,-0.17553599100250808
2065,-0.6409582472865929
2066,-0.5448746483139889
2067,-0.7593018823010506
2068,-0.30813197656430213
2069,-0.04145292193511003
2070,0.356961037693052
2071,-0.4808777517209076
2072,-0.2705779295842498
2073,0.17134710507374745
2074,-1.163023792007018
2075,0.7443656992858003
2076,0.1433085277494214
2077,-0.4749008244095321
2078,-0.4412553672381959
2079,-1.2614874323139298
2080,0.564539082942434
2081,-0.3537770404201525
2082,-1.3284353908738291
2083,0.7257635573096345
2084,0.13233482759099957
2085,1.3694213868785163
2086,-0.9618797621741952
2087,-0.9393089240702717
2088,0.5056723333550108
2089,-0.9121462743358303
2090,-0.550018690388811
2091,0.6056571454439855
2092,-0.6601313464436144
2093,-0.44617828509357027
2094,1.022590756044905
2095,-0.685469914500445
2096,-0.2701691495559031
2097,-0.17651623665643992
2098,0.5127494184692729
2099,0.7644767621296017
2100,-1.0276879908771221
2101,0.6495810559368598
2102,0.030060243659311613
2103,-0.10022201403909384
2104,-0.9906634468287141
2105,0.5473788241020348
2106,0.4730983670281147
2107,0.7759287234392879
2108,0.5232529775422593
2109,-0.8227323991411267
2110,-0.39026614692538136
2111,0.3603455532638481
2112,-0.6105505942408272
2113,-0.26775969666190674
2114,0.8480161913430542
2115,0.9671177331517914
2116,0.00867779357367676
2117,0.42537961077165065
2118,-0.10937626133284105
2119,-0.1835446411395962
2120,-0.7329011069684309
2121,0.3291205977354509
2122,0.458022938543156
2123,-0.6951657037306259
2124,2.107185365635024
2125,0.37980332345695056
2126,-1.1704529183718604
2127,-0.1339942051307621
2128,0.8904278613654414
2129,0.43685559118016226
2130,-0.05638551448644959
2131,-0.25346491517424835
2132,1.44799256393185
2133,0.115229705448396
2134,-0.7708823415097394
2135,-0.5961580579887875
2136,0.2380976805801355
2137,-0.1015519520366957
2138,-0.31928485914039034
2139,0.7332587077539036
2140,-0.9430237310060035
2141,-0.08496947877515781
2142,0.9191406923142408
2143,-0.030082458139303436
2144,-0.19133607735315297
2145,-1.2512167046392344
2146,0.08141655672585484
2147,0.08387681570939902
2148,0.12430212451318172
2149,-0.7059971962662386
2150,-0.20484038202761853
2151,0.6458297664548655
2152,0.7227500718033947
2153,0.1964595614513489
2154,0.26779770636800404
2155,-1.388121800743838
2156,0.4157552598208637
2157,-1.4242399147342124
2158,0.7038263869175191
2159,0.025184255455515756
2160,1.5689328186713467
2161,0.09494804710961466
2162,1.1433950055714266
2163,-0.41703393422902835
2164,0.8583911123953226
2165,0.21992635560565324
2166,-0.06697929258300549
2167,0.40780724269236607
2168,0.5011561336025202
2169,-0.9889973418101917
2170,1.7163738662512922
2171,0.34400020836581424
2172,-0.8748068028883551
2173,1.2119312064631287
2174,0.6028994333295933
2175,-0.8556427410865451
2176,-0.12687410905058086
2177,-0.4121522945574383
2178,-0.6579794991338755
2179,0.4524783211207228
2180,-0.17093507313191078
2181,0.534172938087721
2182,0.30650213699405465
2183,0.071000676118495
2184,-0.9300565220742598
2185,-0.4575184504371915
2186,0.7615470612958776
2187,0.04695191826165868
2188,0.16564692981496756
2189,1.0360140561483027
2190,0.36200414768484057
2191,-0.28755543851630216
2192,-0.822170469620664
2193,-0.31973614513646825
2194,-0.2197341039619058
2195,-0.43871686588588926
2196,-1.5784484130401895
2197,-1.02391301966876
2198,-1.1776297339023372
2199,-0.9782165659071274
2200,-0.4939662507259468
2201,0.3830302355115761
2202,0.6764649737906009
2203,-1.0559306920182692
2204,-1.2148158810229932
2205,0.6388637072952498
2206,-0.44766649718388507
2207,0.958862716531839
2208,-0.5246928654544558
2209,-0.4666817166148208
2210,0.1361217458476905
2211,0.8858318481367753
2212,0.08708646918716623
2213,0.3992339962571816
2214,-0.5265952791259522
2215,1.5651046246422267
2216,-0.9099541827941162
2217,-0.6656894757793563
2218,0.8807092639736054
2219,-0.1031853881574513
2220,-1.7108185874737412
2221,0.2419001119204041
2222,-0.24499877386015353
2223,-0.6801083018593712
2224,-0.6664964885155041
2225,1.0742071778441675
2226,-1.382904316556122
2227,0.2254496976040368
2228,-1.357433587533558
2229,-0.6936735258465335
2230,0.27792615228433876
2231,-0.6270875719870871
2232,0.7637933161918828
2233,-0.7678032983190876
2234,-0.18190826893368933
2235,0.5656599578097395
2236,-0.014146008397739628
2237,-0.5424606078725659
2238,0.5495264882396621
2239,-0.6407526699489096
2240,-0.5290315741350521
2241,0.05497689497661452
2242,-1.2516003663683828
2243,0.11782152413858812
2244,-0.1621212391800592
2245,0.5434329246269685
2246,0.12740200289001302
2247,0.18127525985730203
2248,-0.06066916014894343
2249,0.44281144157795443
2250,-0.18522532816012593
2251,-0.12812297055660543
2252,-0.043710534557147365
2253,-0.13941104850831842
2254,0.887997892469565
2255,-0.01028640508534184
2256,0.1811821569211255
2257,0.21903841138021107
2258,1.4923942163915143
2259,0.3582877745021931
2260,-0.3178423568276956
2261,-0.07423913006546973
2262,0.1469717500453328
2263,1.050959964120594
2264,-0.01251368398556403
2265,-0.6725989362565955
2266,1.1249560435115125
2267,-1.4874147041324959
2268,-0.2662479435421445
2269,-0.755082057537943
2270,-0.02365639610538229
2271,-1.0608353432077442
2272,0.23394451443975658
2273,0.31045682722700485
2274,0.1319322239860254
2275,0.6690329766242717
2276,0.5264521077512985
2277,0.10721352074011954
2278,-0.12194515889289528
2279,-0.5813177762839544
2280,-0.23567598258894853
2281,-0.5653767413470654
2282,-0.7636569822095602
2283,-0.1479411556836306
2284,-1.0969633100985645
2285,0.11070457928713744
2286,0.11308299208996586
2287,0.294023699295758
2288,-1.3568338762239396
2289,-0.21728574563044808
2290,0.14608145103812184
2291,1.3997957387017468
2292,-0.008988765377486283
2293,0.35343038158114193
2294,-0.6188518553079491
2295,-0.06293618697833786
2296,0.030910279076623068
2297,0.3317209041138708
2298,0.3815735744224256
2299,-0.7850387989304275
2300,1.2677571014132378
2301,-0.27870177399215873
2302,1.2509596199033228
2303,-0.20839309322573107
2304,-1.3293236362067573
2305,-0.061939865479102296
2306,1.8330106246748805
2307,-0.7913238902574605
2308,-1.2877185827576054
2309,-1.0161727532363578
2310,-1.052155212097543
2311,-0.3446465759276217
2312,1.1028920826926873
2313,0.9243504441308581
2314,-0.5721917363701207
2315,-0.7292901327696147
2316,-0.1508162845910076
2317,-0.570816871299468
2318,0.07291530216092448
2319,0.8019898612854488
2320,-1.2693621554891015
2321,0.13138259788052822
2322,-0.06337145536726246
2323,-0.29141471674332375
2324,-0.778509174728634
2325,0.602525197500196
2326,-0.7643791501667444
2327,0.030387709166344354
2328,-0.3917708833316029
2329,-0.7551678058116802
2330,-0.191452086455803
2331,0.9730679986106641
2332,-0.10907620370668104
2333,-0.060612731799486765
2334,-0.2631814866313703
2335,-0.6735064691445771
2336,0.6941913966554721
2337,-0.26410388803808127
2338,-1.5353670389497158
2339,-0.14984679310735793
2340,-0.4078304588578276
2341,-0.9408251228944916
2342,0.9983474575864054
2343,-0.322074232776434
2344,0.7268063175408802
2345,-0.3341357529588693
2346,-0.22947490774389484
2347,0.6129759364288752
2348,-0.9159030623801112
2349,0.758219717583864
2350,-0.8374260300586064
2351,-2.0245478143382236
2352,-0.29444748020478945
2353,-0.6401043299711564
2354,0.08562035942274798
2355,0.079120404605564
2356,-1.0803370123659932
2357,0.35782503052835796
2358,-0.3449736843253678
2359,1.0572815602453678
2360,-0.4295500406815744
2361,-1.4366123413836052
2362,-0.36252387897444777
2363,1.3217450104492339
2364,-0.08063209395390093
2365,0.028706783997570984
2366,-0.7731832072966984
2367,-1.2372611190107565
2368,0.06583964754439503
2369,-1.2072997303550035
2370,-0.2781992549800435
2371,0.14438089645618482
2372,0.3454158499486808
2373,-1.036317769304183
2374,-0.8276406938788246
2375,-0.7891560673958409
2376,0.9317513131908464
2377,0.10899439676651096
2378,0.753982230303451
2379,1.4384580115899877
2380,-0.07003320856119198
2381,0.13388651835827195
2382,-1.625812259077011
2383,-0.8480505140714766
2384,0.08924640526167084
2385,-0.5330448636485162
2386,-0.019797184627606473
2387,-0.8979557317173885
2388,-0.6361598826805098
2389,-1.806529194906917
2390,1.3255738946250102
2391,0.46842399611747
2392,0.5571466424505378
2393,0.9918786924463018
2394,0.5861507586694008
2395,0.8558631294102171
2396,-0.8892144727822546
2397,1.1731190876855027
2398,-0.16685111116156323
2399,-0.12074516908506344
2400,0.3792066611929482
2401,0.7050595346907271
2402,0.799102912801864
2403,-0.6552034079554354
2404,-0.5669690751514183
2405,-0.024852029501458713
2406,1.124467229984579
2407,-0.4579922988066748
2408,1.9043844533367678
2409,-0.879690034293714
2410,1.3477545562592133
2411,0.8085573917117556
2412,0.21813224847953633
2413,0.41060286788783146
2414,1.4673042344197016
2415,0.15909277769036617
2416,-1.3285947834637994
2417,1.0323088560788118
2418,0.9025267615377841
2419,-0.16142138707324935
2420,0.36714334413296507
2421,0.809595041570193
2422,0.1837589082015568
2423,-1.3859680243988892
2424,-0.5388804112742466
2425,-0.05146224325729991
2426,-0.07353663612021218
2427,1.0428155371548273
2428,-0.9820857944003234
2429,-1.9908939556939877
2430,-1.164175799027539
2431,-1.674715787268645
2432,-1.6117144305035869
2433,-0.06704229932846215
2434,0.16816790145513144
2435,0.06655345228243198
2436,-0.23169724677348041
2437,0.1129155845918738
2438,-1.4598384834902904
2439,-1.894350928258539
2440,-0.16405225247882035
2441,0.45953881760298826
2442,1.3672958479878534
2443,0.1975944985065101
2444,-1.341736018981921
2445,-0.8605422072948092
2446,-0.8730671481633842
2447,-0.08692109134899156
2448,-0.5608179821518243
2449,-0.5975997345576207
2450,-0.32004486560244755
2451,-0.2984682015259549
2452,0.2355224331562109
2453,-0.3730340080260318
2454,0.015540875888107743
2455,-0.0030871523686400292
2456,-0.6328736792441508
2457,-0.3446363384697345
2458,-0.5088369238048976
2459,-0.3963294954446833
2460,1.601502488435392
2461,0.9353012731245819
2462,0.5728469263870327
2463,0.3887743266620051
2464,-0.4161227857417998
2465,0.4360756667239371
2466,-0.8612791911097676
2467,-0.8433877045074095
2468,1.7289070643868083
2469,0.6707032794645513
2470,0.3518297130221448
2471,0.8136278334886267
2472,-0.43438928468962557
2473,-0.3719516383104528
2474,-0.10173963275081341
2475,-0.28094659204593064
2476,-0.0704535596933513
2477,-0.6266615469927154
2478,1.3171061732903928
2479,0.07922189247636975
2480,-0.33603614124693115
2481,-1.7936396282139608
2482,1.6537042464062746
2483,-1.20790628184935
2484,0.13443009477933418
2485,1.7075691755952116
2486,0.5519133868784875
2487,-0.6407123315006993
2488,0.3226397254421184
2489,-0.3852743880160397
2490,0.8206028601814841
2491,-0.5119015902841972
2492,0.4659809095834232
2493,-0.5656225780735211
2494,-0.4533129679061716
2495,-1.6987803019894814
2496,0.4387136403726994
2497,0.9625880820322773
2498,1.6082342632992426
2499,-1.3722469786185645
2500,-0.7603368816470372
2501,-1.052300434759619
2502,1.0040286391340025
2503,0.18551115683105235
2504,-0.8964284611253102
2505,-1.2202967162809355
2506,-0.44253356749964545
2507,-0.9584244597441904
2508,0.11323939227089935
2509,0.3410874094449319
2510,-1.1971389826237444
2511,-0.38020054582874946
2512,0.2326506106005089
2513,-1.2603194345292814
2514,-0.4337421847191872
2515,0.5365368364896035
2516,-0.29851879560830624
2517,0.4034278691064729
2518,0.733020820919381
2519,-0.11010742156755496
2520,-0.5391334445314949
2521,-0.5730175454120205
2522,-0.9300384495038387
2523,-0.25627965815892745
2524,-0.14347128961030162
2525,-0.03463771367508016
2526,0.359303240326756
2527,0.18534646078357106
2528,0.6452865836078406
2529,0.2864577122446083
2530,-0.057926199123384516
2531,-0.2893321521530672
2532,-0.13333072318451614
2533,-0.8370200647734659
2534,0.4318136375850297
2535,-1.3994591067044755
2536,-0.049096355055914066
2537,0.548482430042583
2538,1.6518628172613548
2539,0.6474746612822361
2540,0.5599086659295945
2541,0.4604571671403763
2542,-0.4015778285334072
2543,-0.8989820282429565
2544,-1.5097590177046134
2545,-0.772085635541707
2546,-0.34665043400169276
2547,0.37510905809387046
2548,-1.5345236510115676
2549,0.6033937297514881
2550,-0.9877273233139022
2551,1.166535069493089
2552,1.5931253669745626
2553,0.011338535831240717
2554,-1.6803532701562804
2555,0.20506120169653544
2556,-0.804434889642455
2557,-0.6757987856703822
2558,-1.3756290941770906
2559,0.7476552579143061
2560,0.4332780116188496
2561,1.0757925110443167
2562,-0.23359177447655288
2563,0.2008762157941068
2564,-1.181366502047131
2565,-1.3304150571706517
2566,-0.13399876107484973
2567,-0.3278127200422933
2568,-0.27029087308178085
2569,1.639893187377912
2570,0.38975057267516666
2571,0.20145499059962088
2572,0.7859763352912371
2573,-0.524186931131543
2574,1.342205454219584
2575,1.9312060732772836
2576,-0.09759002151316055
2577,0.3837560244257277
2578,-1.0738049993026413
2579,-0.4319116464386656
2580,0.09792264141876783
2581,-0.8444711735070388
2582,0.32897345867321104
2583,0.43203723203822536
2584,0.8438951660775481
2585,0.38555140050452047
2586,-0.7642096963333919
2587,-0.6756767106022437
2588,-0.8906040843197908
2589,0.16455838540397938
2590,0.5676869359977395
2591,-1.247960332702702
2592,-0.45449836662566967
2593,-0.8110458036085327
2594,0.16837415661014185
2595,0.946526369116169
2596,-1.0432614660403288
2597,0.8048282546040462
2598,-0.6312042106543467
2599,-0.6803185824279724
2600,-0.43874804351140745
2601,-0.5685058449449418
2602,1.2882553231636211
2603,0.7608766437041878
2604,-1.5359075277022853
2605,-0.013512759288909241
2606,-0.8713157142578734
2607,-0.08069299507325071
2608,-0.45913405197770935
2609,-0.7432553668566723
2610,0.7890961383565283
2611,-0.02471269358266752
2612,-0.1538424284098543
2613,0.28697491250119633
2614,-0.2138409777428657
2615,-0.3624511224542636
2616,-0.17614930143548715
2617,0.7259101359073531
2618,-1.1414422820130317
2619,-0.9790872867431516
2620,-0.6121730102257934
2621,-1.0539567423950078
2622,-0.5891861825518603
2623,-0.7688477083375233
2624,-0.9750417252473395
2625,0.5309776493570436
2626,-1.5663644802215106
2627,0.12020845706255026
2628,-0.9765434076263131
2629,0.32622139738173916
2630,0.1414015142396533
2631,0.5423698920764144
2632,1.7647163308855927
2633,0.24204328211317155
2634,-0.17656515410911083
2635,-0.07142214419878866
2636,-0.531632788962595
2637,0.18830397904094423
2638,0.23476927562190808
2639,-0.509869065843422
2640,1.2053511657903335
2641,1.1761146975733259
2642,-0.6902772274024044
2643,-0.6883795548730852
2644,0.8014310171439814
2645,-1.252641653659392
2646,0.48953243399259266
2647,-0.3060681526798068
2648,-0.1276561240538439
2649,-0.6282893476145096
2650,0.4619796241411801
2651,0.03126213672954709
2652,-0.24383357629136007
2653,-0.34287367242692507
2654,-0.07212043673802972
2655,-0.5218342992236047
2656,-0.032196156140539604
2657,0.8997512188799764
2658,-0.19707210884197066
2659,0.33167062762201405
2660,0.2710225791391757
2661,1.9263203368294013
2662,-0.4881345392475414
2663,0.6181053826212994
2664,-0.8504329237996049
2665,-1.367234066887406
2666,1.00774948279746
2667,0.1172478858345925
2668,-0.5464873851148419
2669,-1.4261173448207871
2670,-1.9661969493031504
2671,-0.0009839213050627418
2672,-0.25227268319717316
2673,0.5675001345272149
2674,-0.4992617808106093
2675,-0.27821422241633154
2676,-1.5151364073149027
2677,-0.6966831662190848
2678,0.6886612989098422
2679,-1.0467968677264619
2680,-0.254684147960579
2681,0.6959865715946029
2682,-0.773471255694552
2683,-0.6629451903603029
2684,-0.3043440094982933
2685,0.47108493895415987
2686,0.5697347146363663
2687,-0.3751673968639595
2688,0.2964801990629893
2689,1.1271512318945343
2690,0.7116866794915352
2691,-0.7029514385782961
2692,-0.6395900372406222
2693,0.7299501308503012
2694,-0.0807857950413516
2695,0.7106626510089014
2696,-0.4993996048969396
2697,-0.2406248062560571
2698,-0.6940809061210181
2699,0.5493490415652387
2700,-0.4938584910011197
2701,0.216306647007318
2702,0.2942049366442061
2703,-0.3710315628157574
2704,-0.28500078113288124
2705,-0.49362785393425634
2706,0.7631423286359046
2707,0.8084748044207125
2708,0.9299026845064254
2709,-0.0028427736867986707
2710,0.4560555199755613
2711,0.9073237938395491
2712,1.0420747999155489
2713,-1.1152602903445514
2714,0.3737730510309099
2715,-1.309551184600937
2716,-0.12794218348513894
2717,-0.13248781871418627
2718,1.8395538373724425
2719,-0.3195233431505975
2720,1.631920488920112
2721,-0.2012730336957779
2722,-1.7474513171689914
2723,-1.0242387104811355
2724,-1.0342019325857708
2725,0.9456342652098042
2726,-1.2744177156937528
2727,-0.09486075649599306
2728,-0.10228054598907979
2729,0.25789942939737565
2730,-0.753291462672294
2731,-1.5939062991193071
2732,-1.287371037132226
2733,-1.185966870658403
2734,-0.7393030443496565
2735,-1.075399363058285
2736,0.24802931886377685
2737,-1.2269739445323176
2738,0.3871476779645059
2739,-1.2907909167188008
2740,0.08715693247495852
2741,-0.45495989078917337
2742,-0.17496348654186747
2743,-0.5289190094318205
2744,-1.7536830211361842
2745,1.4263665713300209
2746,-0.6845858720323857
2747,-1.0560732395649526
2748,1.0040845734710384
2749,0.05233210351303029
2750,0.0450144806895768
2751,0.16374174125755356
2752,-0.41252860961641663
2753,0.1915121572410828
2754,0.39483268944549327
2755,1.7204301561545428
2756,-0.053333975603135
2757,0.4014272809164808
2758,-1.4277332433961802
2759,-0.08768970485574847
2760,-0.828285858018251
2761,-0.6594723999849694
2762,-0.18825979190448078
2763,0.6483188161367661
2764,1.4963819947290193
2765,-0.11531401128796398
2766,0.630325241294823
2767,-0.16033397322431428
2768,-0.2483604428672234
2769,-1.0641253645524198
2770,-0.41319664447727733
2771,-1.3596165182820366
2772,0.6929684745427869
2773,-0.297474404067371
2774,0.37532750164771084
2775,1.9260860593616729
2776,-1.242307873261364
2777,0.22706982082378024
2778,1.5780020246513589
2779,-0.10449094949598625
2780,-0.4480722113111753
2781,0.4165608619929688
2782,-0.5508625548820263
2783,-0.3450216882430464
2784,0.06545816676217779
2785,-0.928426770500121
2786,0.22193318266349832
2787,-0.6366530775370175
2788,-0.27839835976791627
2789,0.21896921190836877
2790,-1.3557685158964319
2791,-1.3811873617475765
2792,-0.8144593034964602
2793,-0.09495951273868103
2794,-0.06829073054227623
2795,-1.4864786984854694
2796,1.1994483324495
2797,-0.7010094307066534
2798,-0.2570635182400493
2799,0.5345641816223908
2800,1.100062059720864
2801,-0.3723975739228736
2802,-0.6044903141291971
2803,0.39257751727377005
2804,-0.2261750452411873
2805,1.143643436974781
2806,-0.3526042764607028
2807,0.28995327020796424
2808,-0.9196459719335676
2809,-0.0820057063103472
2810,0.3320407141036304
2811,1.2536145738423858
2812,0.22789970582346666
2813,-0.5645140272556235
2814,0.23189980953623066
2815,-0.4986058514200981
2816,-0.7994799318070669
2817,-2.2697707355161922
2818,1.2257603844355915
2819,-0.2766018528142293
2820,0.5881035362062363
2821,-0.16866721249483424
2822,-0.5087063487284459
2823,0.3732425393871977
2824,-1.2158461761809685
2825,0.9484208998905367
2826,0.4203819636886243
2827,0.35913292672601044
2828,-0.3447160984059088
2829,-0.5176475282562614
2830,-1.2777964213222828
2831,-0.021000307602756316
2832,-0.9083396936104694
2833,0.5769045101577426
2834,0.21240351535596
2835,1.9680387029798612
2836,0.09988867766972212
2837,-0.4685449720779587
2838,0.8237836364971267
2839,-0.6147831825888641
2840,-1.1765920362104523
2841,0.1048764920067001
2842,0.9297649736984115
2843,-0.5812324513409597
2844,-0.7260145694555332
2845,-1.237712172203595
2846,-1.338604762075881
2847,0.016077043927786947
2848,1.1652670482462724
2849,-0.6114258101185498
2850,0.5810613480385786
2851,-0.2589843184588273
2852,-0.5853926621544647
2853,0.1778846310919836
2854,-0.18899873111378218
2855,0.20955761360545164
2856,0.6216493863219248
2857,-0.6282220268228177
2858,0.04021357628401694
2859,-1.3567492561631733
2860,-1.1979647803648124
2861,0.4491110197524874
2862,-0.12107162627787527
2863,0.03422787360929717
2864,0.6157340236300202
2865,-0.37654392546665244
2866,-1.8620552065063565
2867,0.037413840085788075
2868,-0.42295340639279255
2869,0.1465898655141199
2870,0.3036096269090557
2871,0.48611751217103444
2872,-0.7359475348189544
2873,0.15043307081233848
2874,0.20515940497845922
2875,-1.3464970889801726
2876,-0.6024085267147528
2877,-1.0458903428938353
2878,-1.5417745673864172
2879,-2.000076330351136
2880,-1.3070838308957593
2881,0.060329563464736016
2882,-1.6218529123170318
2883,-0.2547767398572493
2884,-1.2705906463086292
2885,-0.19189487549641107
2886,-0.3638166808247977
2887,0.5111764206983407
2888,1.6724410991548444
2889,-0.7042311527100712
2890,-0.29778070645801874
2891,0.49042462651617835
2892,-0.2415616869408264
2893,0.5680519837901787
2894,-1.3395027725627282
2895,1.4846784957590802
2896,1.3769895205294846
2897,-1.0232279823964483
2898,0.31382531755866866
2899,0.4762570521405497
2900,0.9585483250765994
2901,-1.7927077890426595
2902,0.6068759982493617
2903,-0.5286497024182129
2904,-0.7665452504556703
2905,-0.838539155794114
2906,-0.5827596736976935
2907,-0.9060931400476724
2908,-0.22151113399944788
2909,0.4071921929336247
2910,-0.19218730208644091
2911,-1.07632173557438
2912,-0.7278245704856933
2913,-0.49607727036630966
2914,1.3384680221147882
2915,-0.08390027229910184
2916,-0.491315204547268
2917,0.09044832717130576
2918,-1.6462273970120058
2919,1.6404713833591156
2920,0.8103269699552063
2921,-0.3339958448334232
2922,0.7294503011140931
2923,-0.09510175222927102
2924,-0.9828938560643068
2925,0.386033331951672
2926,-0.032286927015684516
2927,-0.4955366571576996
2928,-1.6798048993574957
2929,0.34429642491579393
2930,-0.8429768563622634
2931,1.0861708613671335
2932,0.5799422752775073
2933,-0.3153611069110326
2934,-0.4921800791439695
2935,-0.9762209735339389
2936,-0.9924427844565067
2937,-0.4980675393280442
2938,-0.54182672879885
2939,1.1592397417003333
2940,1.1985502629039293
2941,-0.6818460185837273
2942,0.4534298082723508
2943,-0.5400068952962066
2944,-0.5872966271892269
2945,-0.6748160611347731
2946,-0.23988402260111244
2947,0.06471864023223009
2948,1.113481206466426
2949,0.275161019165945
2950,0.05876610572724567
2951,0.20301123572440363
2952,0.963626875663364
2953,-0.24756914175002198
2954,0.026411332643810192
2955,-0.44396544431679175
2956,0.31349486239065044
2957,-0.8708435562389246
2958,-1.5128020473984363
2959,-0.07069590529046824
2960,0.7432532869715991
2961,0.3716992026990916
2962,-0.4282864422886272
2963,-0.08918748540365644
2964,-1.6130516676007003
2965,-0.623269105407414
2966,-0.4939289039296618
2967,0.13865180695420426
2968,1.3463030887823177
2969,0.26819386320231553
2970,0.2882614740507908
2971,1.3234552588994322
2972,1.0862607633277233
2973,-0.43949458949818127
2974,-0.4163660153245649
2975,0.051522693247758114
2976,-0.8091485506818653
2977,0.6931740920021315
2978,-0.042014596306810946
2979,-0.5090441999893074
2980,-0.08725114440952074
2981,0.5837157054837164
2982,0.5962009505052668
2983,0.15491966062450135
2984,0.08339519747667815
2985,0.23346779804765969
2986,-0.23561486765204204
2987,1.6890283602330292
2988,1.1033180831106566
2989,0.6124924100475321
2990,-0.5726763810128955
2991,0.2370447029711627
2992,-0.13807869675733025
2993,1.051998013956154
2994,-0.042078596915762614
2995,0.92780599817136
2996,0.5000361915762396
2997,-0.5838576529159606
2998,-1.2010787168176542
2999,-0.07089230745288427
3000,0.4304141312173767
3001,0.4078055982288156
3002,-0.3828566542016418
3003,0.8218216118923047
3004,-0.5142225795375909
3005,0.31913676486224357
3006,-0.004838100121519488
3007,0.14178916614607817
3008,1.0745475319672813
3009,2.0533687531602896
3010,-0.166338832893921
3011,-0.277541256901899
3012,-0.13204340505118992
3013,0.05760948076253768
3014,-0.4842858817802837
3015,0.99818521921965
3016,0.8137613567556009
3017,0.02467698428647493
3018,1.491261612236744
3019,-1.3635247923778997
3020,-0.34344219731495024
3021,0.3691492044372274
3022,-0.6272012716201476
3023,-0.3344029565630649
3024,-0.30125929259241424
3025,0.4499991303817342
3026,0.3235038407398855
3027,-0.2982374886529507
3028,1.6241555652281465
3029,0.5906720392542425
3030,0.05508780061891062
3031,-1.178754320916116
3032,-0.6692894154400038
3033,1.2099107924091235
3034,-2.0367804170782837
3035,0.23187357182663987
3036,1.0144781959461953
3037,0.20558031456116088
3038,-0.7857335150600866
3039,-0.19661531017112627
3040,-0.056197553336903044
3041,1.594188618354112
3042,0.7379218755915475
3043,-0.22856597843269236
3044,-0.7586617518736863
3045,-1.6261905629437738
3046,-0.05702912133327435
3047,-0.923278655278297
3048,-0.8276073591394643
3049,2.18679697513579
3050,1.1350511041316294
3051,-1.1537211075464688
3052,-0.9206695213787001
3053,-0.25998384699127686
3054,0.07362997829526129
3055,-1.3353051156882767
3056,1.2673474569742011
3057,0.030744317088757966
3058,-0.5484816699482332
3059,-0.3701908197822354
3060,-0.21727498685405675
3061,0.4525154386583869
3062,-0.8309678839147617
3063,-0.041663886319768015
3064,0.04951878910257858
3065,1.3676155594093498
3066,1.6263273863163352
3067,-0.7204292173972184
3068,0.2470958016804664
3069,-0.5033198676697515
3070,-0.06958609605773072
3071,-0.5857019300986821
3072,1.2990118468487162
3073,-0.15523631495266083
3074,0.12785593894316363
3075,-1.0024877636200062
3076,-0.04299348395885553
3077,0.7505844185049871
3078,-0.6759092316999293
3079,0.9074209696803673
3080,-0.49414025554378554
3081,0.8920980046060145
3082,0.6773309513005538
3083,-0.6120049626192976
3084,1.3941255017311798
3085,-0.014530109538377254
3086,-1.0111230459034932
3087,-1.9628674887916144
3088,0.07264151313349028
3089,0.412258671958536
3090,-0.6233811594066041
3091,0.4795075783095344
3092,0.17023989214130153
3093,-0.2583618798307478
3094,0.5592379146643343
3095,-0.45032664895045466
3096,0.2631278089940626
3097,-0.8280037239435498
3098,-0.40886299953883043
3099,-0.4656182625261508
3100,-0.3940837696760687
3101,-0.26596693396594856
3102,0.3598631879629811
3103,0.20464588278581916
3104,-0.7058684864140032
3105,-0.09250618736700852
3106,0.769811806625677
3107,0.3657490255291521
3108,0.20296676546506198
3109,-1.0443505304701253
3110,-0.646480109400701
3111,-0.5316792089752455
3112,-0.08423638894674895
3113,0.30590940497617863
3114,-0.789694109076008
3115,-0.15985771637666274
3116,-0.13583067588599057
3117,-0.2790238821009546
3118,1.4259112925477901
3119,-1.2263015180895338
3120,-1.1257428327577415
3121,0.4399375182099583
3122,-0.33354686613612244
3123,-0.5010050563602345
3124,0.6707017107589386
3125,0.7697561275523649
3126,-1.95051764641593
3127,-0.9076913642151255
3128,1.0490481562095153
3129,-0.27949019293955296
3130,0.1564901346874828
3131,-0.4386684585900769
3132,0.3913812344778513
3133,0.20789293438712916
3134,-0.5954990714473919
3135,0.5456592636952294
3136,0.262863890224646
3137,-0.5025264704985426
3138,-0.3361231489825532
3139,0.5019816653204073
3140,1.4976320694598404
3141,-0.11062690871030485
3142,-2.421671168746899
3143,-0.931395315240725
3144,-0.5797861226380023
3145,0.2369314008040966
3146,0.123710662163703
3147,-0.7186382935464533
3148,-1.381040997874025
3149,0.6170209035058302
3150,0.26311876414241914
3151,-0.8203415186891474
3152,-0.1321533467796651
3153,0.08492319736670881
3154,-0.01682185869352266
3155,0.4759070701154288
3156,-0.807872083860104
3157,-0.4318669051817066
3158,-0.13062683917317622
3159,-0.27752767885827323
3160,-0.6854794130384504
3161,1.5841750742853369
3162,0.7171761335461865
3163,1.0783479271499266
3164,0.431533070052668
3165,1.6456617320792242
3166,1.056115981974297
3167,0.14357497008028192
3168,0.83126611269523
3169,1.5819355828659207
3170,-0.5038352679795076
3171,0.17045543287454426
3172,0.1413053124083597
3173,-0.6569406936637145
3174,0.7088819223862773
3175,-0.4081417063574773
3176,1.1739505979541625
3177,-0.7785637017099628
3178,-0.7093529374400374
3179,-0.8771007665713434
3180,-1.0507367042819549
3181,-0.884451341355427
3182,0.5403322821744717
3183,-1.2937595310692642
3184,-1.4317621320221163
3185,-1.0847759213388142
3186,0.020603332434277227
3187,1.410516882007958
3188,-1.4557150467908246
3189,1.3123241247274595
3190,-0.8694459618617372
3191,-0.33030981171158574
3192,0.45097234099346867
3193,-1.452483742465509
3194,0.6176521191838417
3195,-0.9531180023351693
3196,-0.5362277130872197
3197,0.3586008458434188
3198,1.8439154086746463
3199,0.18535331903497357
3200,-0.597666733295523
3201,-1.0349114171093199
3202,-1.0382364416457897
3203,0.5649046616390256
3204,-0.16865243602226812
3205,0.6813208107001657
3206,0.3291028098760473
3207,0.41019735337654417
3208,-1.6723391403109076
3209,-0.821294887209508
3210,-0.5362856950848577
3211,0.7961419867897628
3212,-0.3391210989288317
3213,0.020158410870493804
3214,-1.0275216784564658
3215,-0.11825315379638525
3216,-1.3756839248259296
3217,0.45976372842166147
3218,0.3768507298909323
3219,0.6278659096019228
3220,0.3635497772843579
3221,1.205582951460632
3222,0.25989764086235023
3223,0.1845053821122182
3224,-0.8353551439617547
3225,-0.15066409027946198
3226,-1.5255087376627563
3227,-0.07322677711499029
3228,-0.8587609389206139
3229,0.6860761144069544
3230,0.43082322493805975
3231,0.44973262948932174
3232,0.2859138790083205
3233,1.16283672600457
3234,-0.37969494232951934
3235,-2.5865077803123873
3236,-0.7868116795695991
3237,-0.4068652042467921
3238,-0.3976487717341473
3239,-0.8753773163648072
3240,0.6432401875647531
3241,0.068054223752837
3242,0.11165792835281751
3243,-0.18351751225066829
3244,-0.7621237906645136
3245,0.049475883947772095
3246,-0.5852420513963986
3247,-0.03845413808708646
3248,-0.5423008762260783
3249,-0.06708486286240113
3250,-0.6902012200197901
3251,-0.1854799696255605
3252,-1.1056047420298842
3253,-0.3789410738495196
3254,0.2112857463873952
3255,-0.5330509860632437
3256,-0.7298507317771701
3257,-0.39129621956752525
3258,-0.6776859648692192
3259,-1.7160176922397556
3260,0.3608539892191959
3261,0.9801835965654869
3262,0.4177332713808881
3263,-0.9220869495242832
3264,0.21723896879382887
3265,-0.4367354370271174
3266,0.8146132459108746
3267,0.5467632206869135
3268,0.29481069858426445
3269,-0.827771898547229
3270,-1.0761394566057674
3271,-0.039079552287964385
3272,0.23688730071696237
3273,0.32933634630165126
3274,-0.6528581030698127
3275,1.0350372725044876
3276,-0.30375542401541145
3277,0.5699630040209012
3278,-0.238606053517116
3279,-1.054400714389884
3280,0.2591504406250164
3281,0.9374382407224376
3282,-0.9790201182655477
3283,1.8043641666215375
3284,0.9435940912923673
3285,-0.7796192649918477
3286,-1.5063248147971826
3287,-0.9361572708532131
3288,-0.4463718316631079
3289,1.085911720005719
3290,-0.3419133363868317
3291,-0.7798246777898609
3292,0.9759474727341616
3293,0.203541786953193
3294,-0.5029768087102207
3295,-0.5265276946603334
3296,-0.737918916881747
3297,-0.16425822946778085
3298,0.9142420729415863
3299,-0.23295535718615523
3300,-0.36591869027729446
3301,-0.8961390142758533
3302,0.13992987141138197
3303,-0.6603335414037705
3304,-1.5319059165508233
3305,-0.1296518830206549
3306,0.6804754820003454
3307,-0.014377641297074676
3308,-0.47108875607215456
3309,-0.8463078149344311
3310,-0.491073144141074
3311,-1.5609516572107698
3312,0.30974043650872407
3313,-0.3953489169082302
3314,0.13535933755317456
3315,-0.3251808440707674
3316,0.04269538442751384
3317,0.41909737631957517
3318,0.5572381605285518
3319,0.20752967063829472
3320,-0.5478696982416414
3321,-1.6479293954823744
3322,0.1909956484446843
3323,1.3516621291260467
3324,-0.21991147476058343
3325,0.07097686799785827
3326,0.922611471303368
3327,-0.18674840211268467
3328,0.9542668705840984
3329,0.6290140994529781
3330,-0.46504552356188283
3331,0.1567961047342889
3332,0.023992644830471848
3333,0.21949465911105256
3334,-0.03543162324833578
3335,-0.6041974068335313
3336,-0.662389063232314
3337,-0.47990284528028637
3338,-0.3402009279419026
3339,0.18005698143110566
3340,0.9583532765065851
3341,0.17953068747963852
3342,0.0041013403738444365
3343,-0.6095176640699863
3344,-1.1787577035226977
3345,0.7103997708042404
3346,-1.8883798556099238
3347,-0.8652397715880926
3348,-1.3702463366696365
3349,0.9337465802751803
3350,-1.5026229802123254
3351,-0.20150416329263382
3352,-0.9825292018756167
3353,-1.00667508188086
3354,-0.37299576510982224
3355,1.0298173559532589
3356,0.13521445909066074
3357,-0.8218756547468309
3358,-0.5934979446330474
3359,0.2551033148986292
3360,-0.545189601392552
3361,-0.04401299209085937
3362,0.7055642160515766
3363,0.08968958658510813
3364,-0.11873673796114324
3365,-0.29686135954068665
3366,1.5962049183014217
3367,-0.9528325124287877
3368,-0.7922135180692436
3369,0.4748969791181846
3370,-0.9036220605123432
3371,0.6453343116614206
3372,-0.4741001972197999
3373,-0.5809206862098281
3374,-0.7609122006846317
3375,-1.0506571576940311
3376,0.09912915138253278
3377,-0.9155810810509214
3378,-1.1758820244215218
3379,-0.13164265918643883
3380,0.7817312107193826
3381,-0.3774163989156141
3382,-1.3325099082585152
3383,-0.2260331980731116
3384,-1.000107083840658
3385,-0.016821309033255825
3386,0.5798211394753471
3387,0.022066122584333908
3388,-0.9822073432585021
3389,0.686809500902725
3390,-0.3798140332140718
3391,-0.3431383567372238
3392,0.6014923974570768
3393,-0.47167377028957647
3394,-0.7583930096478809
3395,0.8643363935095008
3396,-1.0412476141996043
3397,-0.34357262571911856
3398,-0.46593257575530433
3399,0.9047522878277557
3400,0.7860476614779085
3401,-0.6041850543214083
3402,0.26974171373997724
3403,-1.5535430349985042
3404,-0.20879462670541818
3405,0.3169290559187681
3406,0.10210258452810472
3407,1.841583690371839
3408,-0.004193412052078268
3409,-0.42742843443166284
3410,-1.466010708784235
3411,0.06386498336575704
3412,0.6782623487043999
3413,0.470088416267771
3414,-0.2758376275362416
3415,0.3584860967558505
3416,0.5423298850174082
3417,-1.5270734233552867
3418,-0.7937916279667421
3419,1.2459911644563253
3420,-0.7432084178332091
3421,-0.7318668777543355
3422,0.4535283904807942
3423,0.10236038121895921
3424,-2.498301440915785
3425,-1.5902064442969497
3426,0.3884092495793966
3427,0.2568758284502205
3428,-1.181084186560677
3429,-0.14335770870358122
3430,0.5380485233423279
3431,-0.7293016962078467
3432,0.5514501064144522
3433,0.1795060575146564
3434,-1.7014689763418283
3435,-0.08149964469655194
3436,0.5426643584047642
3437,-0.8089846834334017
3438,-0.7075679803257358
3439,-0.435009059130006
3440,1.0154503305801212
3441,-0.8807599920979456
3442,0.17810306670381096
3443,-0.5726666422411445
3444,0.056616925088030054
3445,0.6092140440735746
3446,0.5867037909717726
3447,0.21839758483293065
3448,0.5404787797988063
3449,-1.0581884026225106
3450,-1.1736616124740473
3451,0.4330061763347387
3452,0.8228359484028733
3453,0.004199765901805007
3454,0.16592704949052717
3455,-0.5391195753574314
3456,-0.004224436608709732
3457,0.5585964712899839
3458,-1.8133637616914642
3459,0.2564595252949433
3460,-0.14734127563035881
3461,-0.32848196610106545
3462,-0.72354009958502
3463,0.48568713221239596
3464,1.2075939052441855
3465,-0.23305777771636
3466,-1.0925567054020686
3467,0.05134992185503496
3468,0.17843361074583264
3469,-1.149300702555025
3470,-2.0706881211015618
3471,-0.5117145543456176
3472,0.1161949098596609
3473,-0.5307698626782688
3474,-0.9229507844982121
3475,-0.29381043159734255
3476,-0.7020515057296369
3477,1.1621572600065686
3478,-0.9405555258812827
3479,-1.2674437803810532
3480,-0.47902234883347544
3481,0.21283023236462273
3482,1.1197924504424175
3483,1.14126437708398
3484,-0.7981967208380474
3485,-0.4444895731535323
3486,0.13977657924485043
3487,0.38206570005175294
3488,0.23446785339410559
3489,0.29118004507262785
3490,1.0009187404633522
3491,0.9279064120077817
3492,0.5873475522858586
3493,-1.5560901091592307
3494,-0.6832247966517314
3495,-0.3834529255384341
3496,-1.6107880263696601
3497,0.4181957696555333
3498,-0.5209865989182693
3499,-0.23217891251137768
3500,-0.09704911023782077
3501,-0.3634379055888581
3502,-0.49690454357792946
3503,-0.5993158802274217
3504,-0.3397094432788573
3505,0.41846678177222596
3506,-0.5939197293964936
3507,-0.54222020239372
3508,-1.0199765314750648
3509,1.599500687884021
3510,-0.4698169201632059
3511,-0.0490954605545453
3512,0.7083665383635533
3513,0.2695766207686144
3514,-0.034269507208484484
3515,-1.077252994327792
3516,0.6119047537736603
3517,-0.13903012980205126
3518,-0.343060480811414
3519,-1.1340129019871226
3520,-0.21537934093308614
3521,0.10696307205563292
3522,0.9779159999042015
3523,-0.9542007335975965
3524,1.3551181731272004
3525,-0.2833193407906827
3526,-1.0121636064820723
3527,1.1436573940492611
3528,-0.6972098707680449
3529,0.5355131185823742
3530,-0.18838328183700007
3531,-1.2541015356063059
3532,-0.576214640181852
3533,-1.0087411232698555
3534,0.2461491546291394
3535,1.2734176810946949
3536,0.8049605559534375
3537,0.9698054485561268
3538,1.5657118771902618
3539,0.7280466490514828
3540,0.008094409601763535
3541,0.18985576006131738
3542,0.9927408300748538
3543,-0.1056524478716776
3544,1.500465700423477
3545,1.1438181092879154
3546,0.8208698275759693
3547,-0.45098469421697823
3548,-1.0388221462451832
3549,-0.31098603862089064
3550,-0.7041826622284852
3551,-0.48782331729039385
3552,0.7713513355440155
3553,-0.9583076582422605
3554,0.05088003750161477
3555,0.21607700351237658
3556,-1.4886735986700088
3557,0.926465906288275
3558,0.4737930232980419
3559,-0.1904921300878939
3560,0.617793474660523
3561,-1.7095175169061612
3562,0.5874018449365316
3563,0.3411485789087789
3564,-1.347347537658385
3565,0.992867894964873
3566,0.603701284604094
3567,-0.46019388400405054
3568,1.4713125788362844
3569,-0.9050878295195749
3570,-0.892368667771738
3571,0.5150094755284501
3572,-1.051734228194687
3573,-0.7509552412278238
3574,-0.18043451858954054
3575,0.39028909326064937
3576,-0.5980019262758596
3577,-0.1905736564296136
3578,0.020829389479533795
3579,0.7674004931886621
3580,0.4437043353012984
3581,-0.6397432861462712
3582,0.46450098701364617
3583,-0.037922869004724295
3584,-0.35716441504029056
3585,0.47518459742612623
3586,-1.8987164230961227
3587,-0.6505646759904398
3588,-0.2060728923208546
3589,-1.3887602735773699
3590,-0.5012093187381229
3591,-0.8379266580075035
3592,0.7506539712355742
3593,-0.19128192031128596
3594,-0.0031484199699079894
3595,0.42119180229746855
3596,-0.9752780167177548
3597,-1.2417619872265016
3598,-0.13050123162642951
3599,0.45306606800363797
3600,-0.5030045491494345
3601,-0.28923121330563045
3602,-0.2976879078248393
3603,0.43596410307840294
3604,0.2624486007243986
3605,-0.08726341337193244
3606,1.0609522504911992
3607,-0.1884015205855915
3608,-1.2603733135305764
3609,0.8345228934815715
3610,-0.6197686000804188
3611,0.6041087894801507
3612,0.8899046774475381
3613,-0.579989598574595
3614,0.670134827950215
3615,1.0415665304474748
3616,0.07517691195535943
3617,-0.8111329613911008
3618,-1.0337831832629303
3619,-0.32226471077592445
3620,0.5257337582227272
3621,-0.6695004364369602
3622,-1.0150720382138085
3623,0.7440458365493912
3624,0.5164442051857798
3625,-1.5461715484079095
3626,-0.17542090265953486
3627,1.4781257419424085
3628,-1.3072382528646653
3629,0.46077924567393186
3630,-0.7919676170909433
3631,0.5096417469065885
3632,-0.11063355320168046
3633,-2.079090476527444
3634,0.5165797987965445
3635,-0.32707371884184383
3636,0.35619325442380007
3637,0.21578610740067247
3638,-0.5124450848157202
3639,1.107907173764262
3640,0.5376976455851329
3641,-0.11839254869727889
3642,1.054450786552866
3643,-1.1944648873476447
3644,0.3837259205096161
3645,-1.7689822035512415
3646,0.6406406354560105
3647,-0.2599376123993686
3648,1.0482146386416744
3649,0.29287157583803775
3650,0.25069151738664375
3651,-1.993954396201801
3652,-1.3573372322241637
3653,-0.411391190078669
3654,-0.7649266837254862
3655,-0.26382081689267595
3656,0.08807737264105683
3657,0.1975920998057824
3658,-0.28225066167747925
3659,-0.5131377826095969
3660,0.8459102246121607
3661,-1.3903097025413058
3662,0.9891145576975389
3663,-0.8156475257906656
3664,-0.014046840019815252
3665,-0.928705779246359
3666,-0.44546993912585886
3667,0.6680391119114574
3668,0.0036776923033136994
3669,-2.088988246047517
3670,0.2530942170667628
3671,-1.7826890169469105
3672,-0.9923843062678424
3673,-0.5915627902202326
3674,0.1856257978389726
3675,-0.28979679136890096
3676,0.05685396771221029
3677,0.1549977110314155
3678,-0.43856007154772453
3679,0.14075771508488888
3680,-0.8020793100283437
3681,-0.8703144521330937
3682,-0.38466431227672127
3683,-0.04089711071088508
3684,0.48353614334466943
3685,-0.34092232392252325
3686,0.5702548039934339
3687,1.4335426461382157
3688,-0.6477957198549797
3689,-0.38418514254349245
3690,-0.6009042692455946
3691,0.4926534519322158
3692,1.2289689275094076
3693,-0.2929441925487067
3694,-0.4002163215275382
3695,-0.6630573186048719
3696,0.13293536500952283
3697,-0.2976698888826551
3698,-0.3414434738426589
3699,0.9978244553377074
3700,-1.1813512330055753
3701,0.23988043855928218
3702,-0.30425452459409885
3703,-0.9017800832386518
3704,-0.2965943004054606
3705,0.2752540811006879
3706,0.2924384557196938
3707,0.5703489860755956
3708,0.1145073623396231
3709,-2.5318732183861368
3710,-0.2556136413465325
3711,0.18498191688097373
3712,0.9807163368667001
3713,0.38330112513695686
3714,1.3579049056175208
3715,0.5023637048122582
3716,0.5252000905508647
3717,1.8570834715932176
3718,0.7294829653009729
3719,-0.29468545903612353
3720,-0.6840092078889761
3721,-0.3664194265227634
3722,1.4243782161936995
3723,-0.4679898054229931
3724,-1.1691381804677858
3725,-0.776871820462704
3726,0.9319315469864742
3727,0.06887698410470373
3728,0.2255701951433027
3729,0.5673934486349386
3730,-0.9014327265321936
3731,0.39583555512367463
3732,-1.157451028666413
3733,-0.007928552579641836
3734,-0.9678349681650229
3735,-0.6673300609460537
3736,0.675902678783115
3737,0.5754982789826639
3738,-0.47489762980534167
3739,0.7936008458176251
3740,-0.26987297426780793
3741,0.3267889592210888
3742,-0.49201907091163
3743,-2.498780860046089
3744,0.13311951943196285
3745,-0.9825526301411228
3746,0.9962789054116026
3747,-0.21498918166753309
3748,-0.3155954219567914
3749,-0.11181597008148181
3750,2.137507585875237
3751,-0.29216531987507083
3752,0.6776715975739666
3753,-1.7647499426656685
3754,-1.4638432185216834
3755,-0.46382842370986677
3756,-0.5541039395002315
3757,0.6453750773187292
3758,0.16758826811005414
3759,0.1460744192881709
3760,-0.728840050822526
3761,-0.5323057894275893
3762,0.22404134531647704
3763,0.2851005686087811
3764,-0.41158399786570266
3765,0.517991349719398
3766,-0.5816211095077749
3767,1.4882085784628762
3768,0.564704949398262
3769,0.7761203121060997
3770,-1.6509074458264776
3771,0.1332667685092304
3772,1.0259789221669926
3773,-0.18302403792365762
3774,-0.22425247579593846
3775,1.3918330201436537
3776,0.0896510516496443
3777,-1.0510033990799563
3778,0.11692699386667109
3779,-0.2381410397287843
3780,-1.0170109392301419
3781,0.5374975883734522
3782,-0.22145476581821572
3783,0.24165563916680244
3784,0.2654760007923431
3785,0.14351070784045894
3786,0.3002140720053215
3787,1.4752293331008646
3788,-0.8275675969440776
3789,0.996550358465002
3790,-0.5771087132565125
3791,0.04439548666015305
3792,0.6139510349810218
3793,-0.3009112968906461
3794,-0.9679861944063362
3795,1.4943945105799072
3796,-0.19312264708606888
3797,0.3295055148420681
3798,0.5049312936690917
3799,0.28095863616475614
3800,-0.5900955362980265
3801,0.4883157783633397
3802,-0.5085044532764024
3803,-0.4819915978378754
3804,-0.653473112142086
3805,-0.6919132143407113
3806,-1.0118917548367605
3807,2.092989324466144
3808,0.7039395153122023
3809,0.40068229285519763
3810,-0.27945574811638824
3811,-0.22578157790829528
3812,1.13459309144506
3813,0.6708616903483136
3814,0.962265910952218
3815,-0.25131090923209637
3816,-0.28359931396930554
3817,-0.926495942728599
3818,0.5903196838915961
3819,1.0452053097581764
3820,-0.6308125333540332
3821,0.21664305576816734
3822,-0.7777848212112096
3823,-0.6708217058817455
3824,2.746093849876424
3825,0.18743680866188936
3826,-0.5776233820361979
3827,0.23324835874658725
3828,0.6564093809196139
3829,0.7480213611122933
3830,-0.555019667811337
3831,-0.6270364834969612
3832,-0.07070094127248241
3833,-0.1278987178380096
3834,-0.17194075603942147
3835,0.4670382582518972
3836,-0.9518894023959804
3837,-0.9068206514219324
3838,0.20696678650404318
3839,-1.1033409714447762
3840,-0.20201545626085518
3841,0.3530125457016734
3842,-1.5017796061469273
3843,-0.8077803816988117
3844,0.07854187948243666
3845,-0.17322356518644752
3846,-0.4416368846602416
3847,0.1433561384954851
3848,-0.9880648476167166
3849,-0.40800757985864367
3850,0.4651100025702626
3851,0.03360099335511878
3852,-0.157634252250998
3853,0.13938076398247873
3854,0.44132042388494064
3855,0.33881225467641723
3856,0.6509609707329079
3857,-0.17627072251264223
3858,-0.651256801040006
3859,0.4433474507272332
3860,-0.23547451707682332
3861,-0.516945034127397
3862,-0.6513318302389938
3863,1.3586744916012947
3864,-0.735775557976604
3865,0.5823744191479255
3866,0.11066151501873323
3867,-0.18806266435401187
3868,-0.7788828901195337
3869,-0.5586058851007719
3870,-1.2555104761563411
3871,-0.1717069997837531
3872,0.8177810223422469
3873,0.8238421203317073
3874,0.8295864291610215
3875,-1.1471050364838
3876,-0.8068594343618923
3877,0.3140715881612946
3878,-1.3531314661768434
3879,0.7309113258381986
3880,-0.3418710272026655
3881,1.5804099281964
3882,-1.4844426142215787
3883,0.6807833909755167
3884,-0.5516339531029265
3885,1.374191259800224
3886,0.13219343077473394
3887,-0.627658156854651
3888,0.3651923294209951
3889,0.4870082374922516
3890,0.09890151115288995
3891,-0.7204770087316738
3892,0.5670325244933722
3893,0.2495300102511329
3894,-0.6541680077945637
3895,0.22263360447297179
3896,-0.5485964117194428
3897,-3.0227707928648755
3898,-0.43741791960800386
3899,-0.9989847869578634
3900,0.6346122319775739
3901,0.7267518115621475
3902,-0.6591903744047404
3903,0.43239909088195216
3904,-1.225746164059761
3905,-0.8790233972457654
3906,-0.7638616818683307
3907,-0.09179741228017183
3908,-0.6031160239836134
3909,0.34085478040605216
3910,-0.7243509804582161
3911,-1.0667416342399325
3912,-0.09333964145447925
3913,-0.25982857335563914
3914,1.4399534729482564
3915,1.4213369247455327
3916,-0.6918882345545159
3917,0.08020780113912206
3918,0.5691244154341848
3919,-0.045946584664352697
3920,-0.1496766273886618
3921,-0.6931810110489001
3922,-0.5647752244979009
3923,0.6355531672038591
3924,-0.6876115321188117
3925,0.29695693754529456
3926,-0.38445904353897986
3927,-0.32532403698958734
3928,0.8051281198727577
3929,-0.366671048303633
3930,-0.8835103127503467
3931,-0.9284811718311818
3932,0.39039649360948925
3933,-0.9682009554690323
3934,-0.7728544588353715
3935,-0.11454089946205182
3936,0.7074912710206761
3937,-1.0959801699440463
3938,0.09887702446595871
3939,0.5523823045838975
3940,-1.6118499730299194
3941,-0.39899144352457877
3942,-0.7551275501793497
3943,0.8966424326522835
3944,0.7788949278476738
3945,0.30534545702229465
3946,-0.588910746277953
3947,0.4921285886535096
3948,-1.382399805176874
3949,0.991389947937706
3950,0.7487552027457873
3951,0.5740626038899455
3952,0.12135202021814172
3953,-0.0989110455792012
3954,-0.06420874171399332
3955,0.19386712786409024
3956,-1.0291513044715488
3957,0.8078749981581396
3958,0.21116743190757314
3959,0.0674996707109002
3960,-1.7294977791548547
3961,0.24041806047497527
3962,0.09692094510099361
3963,-1.1671555803695497
3964,1.6960190580389831
3965,-0.3248072778052057
3966,-0.28818484502777825
3967,0.435224250444365
3968,0.4772358291815506
3969,0.2867274072369748
3970,0.4640440589036227
3971,0.29172441703835894
3972,0.008763580708249176
3973,-0.033360453263598266
3974,-0.47278745126448246
3975,0.8234063383767785
3976,-0.1957887488398104
3977,-0.1230088009401976
3978,-1.266726513055652
3979,0.09309054567476228
3980,-0.28068064572245527
3981,-0.018414374075232585
3982,0.6797002734874854
3983,-0.5178318350188607
3984,-0.25900541584202197
3985,0.002536724286008567
3986,0.12081999346613091
3987,-1.0718488646830606
3988,-1.1617767370975427
3989,-1.108743727167185
3990,1.103846670689895
3991,-1.1883630551933537
3992,0.06803052012077844
3993,0.18417043238941838
3994,-1.043228050985905
3995,-1.4759215543749171
3996,0.7309567580174088
3997,-0.6671097019228417
3998,0.4457929440297772
3999,-1.0486078141634767
4000,-0.18718279127861903
4001,-1.2028199163547657
4002,0.7067289265105665
4003,-0.5887700185213339
4004,-1.4124145931052379
4005,-0.2719874541844701
4006,0.3797467526863855
4007,0.6719747442920856
4008,-0.7730079675323276
4009,0.48913654549815727
4010,0.12399516597744074
4011,-0.2557480459905939
4012,-0.4496885303746427
4013,0.8815694132641327
4014,-0.46696854534950816
4015,0.570299539537959
4016,0.035517590930165474
4017,0.20388890317816444
4018,-0.9685810316996225
4019,-0.4120320935061074
4020,0.17814567098128117
4021,-0.5130572613600751
4022,0.8768541070299702
4023,0.6219877614242663
4024,0.3904656676062802
4025,0.5620458916171233
4026,-0.616373953418546
4027,0.8373044345575105
4028,-0.4108111619755353
4029,0.3172556241326153
4030,-0.5098571502685088
4031,0.23276074571469754
4032,-0.10096364769773465
4033,-0.7478039329810151
4034,-1.3360602146271436
4035,1.4009534961890242
4036,-0.6100532820353092
4037,0.19658877275625328
4038,0.7543052623754971
4039,0.20429704487731848
4040,0.9184802547296261
4041,0.46203217708091837
4042,-0.8732201319428916
4043,-0.5943163517629817
4044,0.16091259511770847
4045,0.34333678921335403
4046,-0.06384812077816943
4047,1.9558767430738628
4048,-0.4915665988168687
4049,0.40001261462813975
4050,-0.44126211171021307
4051,1.032588058759733
4052,-0.8164585113687403
4053,0.5018960983991787
4054,1.8081219034852043
4055,0.5222941019422521
4056,0.9293953980655257
4057,0.39696167661994924
4058,-0.675492239471542
4059,-1.1243590162164607
4060,-0.28998493761641103
4061,-0.2925600338121191
4062,-0.4160659585341683
4063,0.9375046097414269
4064,0.15490480740920684
4065,0.04619737824557918
4066,1.0031533386570017
4067,0.08190681219779604
4068,-1.4417905956503603
4069,-1.0384865516929151
4070,0.49827110087887067
4071,-2.342526980671442
4072,-0.5552074286366742
4073,0.1649510842850081
4074,0.010143287661331867
4075,0.46101523036468356
4076,-0.6126275908933636
4077,0.6053584053016946
4078,0.027300272493230842
4079,-0.8760668306185792
4080,-0.20025922362291546
4081,0.23968949561052025
4082,-1.1967640669687538
4083,-0.10640295406465437
4084,-0.1951318712172423
4085,-0.20994205153098017
4086,0.7454859514908775
4087,-1.6387463010708256
4088,0.5710336847873078
4089,0.7036090121305438
4090,-0.9838170692001533
4091,-0.5532493740559177
4092,0.15432859399236232
4093,-0.8913484726935199
4094,-0.2922268636308441
4095,-0.008017720467359327
4096,-0.6638529108859996
4097,0.045803698823602225
4098,-0.046595454709495165
4099,1.6067902068668505
4100,0.12765590906033242
4101,0.22336222552926152
4102,-0.12660806519351042
4103,-0.667680984419294
4104,-0.36932987073690643
4105,0.22961429233591177
4106,-0.34819977990784146
4107,-0.03563908514625758
4108,0.4902173761001277
4109,0.17271751766586504
4110,1.2351619893364365
4111,0.02830309429464256
4112,1.1568925904482064
4113,0.35151904766757675
4114,0.0025525646222929518
4115,0.4786298213115695
4116,-0.1360823559073141
4117,0.18092445740951776
4118,-0.15870233458540864
4119,-0.7806154354626426
4120,0.1949594493053975
4121,0.31292880706854354
4122,0.8157942348350496
4123,0.49809034214390835
4124,1.0070547353219226
4125,0.004840037845090533
4126,0.32568974606097933
4127,-0.2682367676017485
4128,-1.0974078393163056
4129,0.4925795728672414
4130,1.1510392703482268
4131,0.42988106356897937
4132,0.7124947242634844
4133,1.360875547719679
4134,0.6072655285989372
4135,-0.15080292800903541
4136,-0.42699047409903557
4137,-0.8004532624247347
4138,-0.39907682571177966
4139,-1.3181466735765262
4140,-0.13510009713787177
4141,1.0975112154860598
4142,0.19771788398843104
4143,-0.6425685377322996
4144,-0.9410380490031807
4145,-0.21237083374063936
4146,0.12827687326057696
4147,-0.9709592417293752
4148,-1.1496987893635293
4149,-0.3875415480389381
4150,0.8017053894754724
4151,0.07734131778491317
4152,-0.35213508109729275
4153,-0.8736463582997124
4154,-1.0139022096635477
4155,-1.379323465467708
4156,-0.4817879656961026
4157,0.20553132928648268
4158,0.5071845142930477
4159,-0.37340802896885317
4160,-0.9844125638135302
4161,-2.1369179306318635
4162,-0.02408709528334133
4163,-0.7038368709840443
4164,0.04322475519149048
4165,-0.6103650928936226
4166,0.45025344519463223
4167,-1.285425113948581
4168,1.2747768653520883
4169,-0.5721782810106069
4170,-0.27167834652413375
4171,-0.6977429379841072
4172,-1.493190009805276
4173,-0.6453401918248893
4174,-0.058610888993363267
4175,-0.15485666880408375
4176,0.7131965136472054
4177,-0.6255577308720146
4178,0.7808072778075683
4179,-0.34173953387838146
4180,0.9352927668680895
4181,-0.24139199240565634
4182,-0.4173703467851211
4183,0.051963433937898665
4184,-1.3576701570057395
4185,-0.8407374857620843
4186,-0.21681321581311558
4187,-0.6581656895837983
4188,-0.8885534527385901
4189,0.03372129904392765
4190,0.7610250344375732
4191,-0.18402037332784393
4192,0.03307369506643671
4193,0.08919074195603231
4194,0.11481663323734816
4195,-1.0100038658785109
4196,-0.2639229654244473
4197,-0.8141555709707906
4198,0.0394345536560172
4199,-0.5866325358905133
4200,0.2964858898957317
4201,-0.6042896684681918
4202,0.8059560934243061
4203,1.5281367257094303
4204,-0.453252011696186
4205,-1.6077252636043413
4206,1.0733487389763618
4207,1.7510492337689896
4208,-0.254985874905695
4209,0.6317648069497469
4210,0.8358328751491189
4211,-0.7370884238673683
4212,0.20535573267154733
4213,-1.1837450881873182
4214,-0.17448400218852012
4215,0.2972085730407477
4216,-0.5717701884496603
4217,0.11021622638498127
4218,-0.5395221553994369
4219,-0.03376463971292368
4220,-0.7332167120962638
4221,0.5836075911251988
4222,-0.5975821608680623
4223,0.6974311125159347
4224,0.16433834366098166
4225,-1.4252837379716659
4226,-1.3056491315160548
4227,1.6802581339478855
4228,1.6544776005871846
4229,-1.9324959169089073
4230,-1.3463314003699158
4231,0.6782930591537567
4232,-0.10026118391791997
4233,-0.2109382924322254
4234,0.4523276834219442
4235,0.5862288881712676
4236,0.17106660528920545
4237,0.13455864722573144
4238,-0.3902531051928714
4239,-0.6481557625936477
4240,-0.9791449986380927
